2176,AA-3756-ORD-SLC,12:41 PM,2:50 PM
2341,UA-938-DEN-ORD,4:37 PM,7:23 PM
2235,AA-1917-JFK-MCO,3:27 PM,5:43 PM
18,UA-2708-EWR-CLT,2:52 PM,4:44 PM
1102,UA-414-LAX-SFO,6:10 AM,7:17 AM
32,UA-3925-IAD-ORF,8:42 AM,9:43 AM
64,AA-649-ORD-SNA,,
1875,UA-2314-ATL-PHL,2:46 PM,4:47 PM
518,AA-466-IAH-MIA,6:09 AM,9:05 AM
1369,AA-2312-DFW-DTW,,
2206,AA-616-DFW-DTW,10:11 AM,1:11 PM
2293,AA-1733-ORD-PHX,7:58 PM,10:30 PM
1411,AA-1165-JFK-MIA,7:22 AM,10:04 AM
683,UA-248-PHX-ORD,1:09 PM,4:52 PM
923,UA-6273-YYC-SFO,7:41 AM,8:33 AM
803,CO-50-CLE-EWR,4:02 PM,5:26 PM
978,UA-397-JFK-SFO,8:49 AM,11:58 AM
2112,AA-3979-CVG-ORD,8:04 AM,7:57 AM
2073,AA-4307-ORD-DTW,6:56 PM,8:38 PM
657,CO-4888-IAH-DAL,,
126,AA-3063-SLC-LAX,8:40 PM,9:11 PM
363,UA-3099-PHX-PHL,11:55 AM,6:17 PM
2440,CO-52-IAH-LAX,7:56 AM,9:09 AM
1445,AA-415-BOS-ORD,8:56 AM,10:16 AM
12,UA-2708-EWR-CLT,3:04 PM,4:24 PM
601,AA-789-ORD-DEN,1:20 PM,2:49 PM
763,AA-59-JFK-SFO,7:40 AM,10:52 AM
854,AA-2957-DFW-CVG,8:05 AM,11:00 AM
1149,UA-3373-IAD-PHL,8:37 AM,9:13 AM
2057,AA-85-JFK-SFO,3:38 PM,6:43 PM
1436,AA-415-BOS-ORD,8:56 AM,10:10 AM
1665,CO-45-EWR-MIA,3:58 PM,6:36 PM
1682,CO-45-EWR-MIA,4:15 PM,6:36 PM
856,AA-2957-DFW-CVG,8:05 AM,11:00 AM
514,AA-466-IAH-MIA,6:08 AM,9:05 AM
1781,AA-3859-IAH-ORD,7:16 AM,9:32 AM
99,UA-382-IAD-LAX,12:56 PM,3:21 PM
428,UA-2945-PHL-CLT,12:08 PM,1:14 PM
1677,CO-45-EWR-MIA,3:58 PM,6:36 PM
1551,AA-643-MIA-ORD,7:30 AM,9:31 AM
289,AA-1640-MIA-MCO,,
1371,AA-2312-DFW-DTW,,
116,AA-3063-SLC-LAX,8:40 PM,9:12 PM
1736,UA-233-LAX-JFK,,Dec 01 - Not Available
359,UA-3099-PHX-PHL,11:43 AM,5:38 PM
966,UA-397-JFK-SFO,8:29 AM,11:58 AM
1696,AA-3786-IAH-ORD,4:12 PM,6:15 PM
792,CO-50-CLE-EWR,,
1163,AA-2525-DFW-MIA,7:39 AM,10:43 AM
2380,UA-828-SFO-ORD,,
149,AA-222-LAX-BOS,7:31 AM,3:14 PM
1688,AA-3786-IAH-ORD,4:12 PM,6:11 PM
650,CO-4888-IAH-DAL,5:38 PM,6:19 PM
1650,AA-446-DFW-PHL,12:12 PM,4:09 PM
2170,AA-4277-CVG-JFK,12:01 PM,1:43 PM
925,UA-6273-YYC-SFO,7:41 AM,8:33 AM
1235,AA-484-DFW-MIA,4:29 PM,7:37 PM
1674,CO-45-EWR-MIA,3:58 PM,6:36 PM
1379,AA-2312-DFW-DTW,8:29 PM,11:35 PM
695,UA-248-PHX-ORD,1:32 PM,5:34 PM
742,CO-62-IAH-EWR,,
1206,AA-1664-MIA-ATL,10:19 AM,11:50 AM
926,UA-6273-YYC-SFO,7:27 AM,8:45 AM
1843,CO-1193-EWR-MCO,9:14 AM,12:09 PM
27,UA-3925-IAD-ORF,8:51 AM,9:44 AM
373,AA-1544-SAN-ORD,11:41 AM,4:54 PM
736,AA-2050-ORD-MIA,,
1353,AA-2312-DFW-DTW,,
132,AA-3063-SLC-LAX,,
2291,AA-1733-ORD-PHX,,
992,AA-2268-PHX-ORD,7:22 AM,11:04 AM
2288,AA-1733-ORD-PHX,7:59 PM,10:30 PM
233,AA-518-MIA-JFK,6:40 AM,9:28 AM
2001,AA-431-MIA-SFO,8:51 AM,11:33 AM
1640,AA-446-DFW-PHL,12:13 PM,4:08 PM
2307,AA-1733-ORD-PHX,7:59 PM,10:29 PM
1880,UA-2314-ATL-PHL,3:04 PM,5:00 PM
2128,AA-204-LAX-MCO,11:29 PM,6:35 AM
1305,UA-2726-FLL-PHL,4:10 PM,6:25 PM
1489,AA-4330-CVG-ORD,,
2129,AA-204-LAX-MCO,11:29 PM,6:35 AM
1444,AA-415-BOS-ORD,,
2336,CO-1090-BOS-IAH,10:19 AM,1:19 PM
994,AA-2268-PHX-ORD,7:23 AM,11:04 AM
770,AA-59-JFK-SFO,7:39 AM,11:12 AM
723,AA-2050-ORD-MIA,11:05 AM,2:46 PM
1111,UA-414-LAX-SFO,6:10 AM,7:10 AM
754,CO-62-IAH-EWR,2:59 PM,7:10 PM
1047,AA-1221-MCO-ORD,8:23 PM,9:53 PM
1693,AA-3786-IAH-ORD,4:12 PM,6:11 PM
284,AA-1640-MIA-MCO,,
780,AA-59-JFK-SFO,7:40 AM,11:12 AM
1515,AA-1434-DFW-MCO,,10:28 AM
870,AA-3804-PHL-ORD,2:44 PM,3:36 PM
2079,AA-4307-ORD-DTW,6:55 PM,8:53 PM
127,AA-3063-SLC-LAX,8:40 PM,9:11 PM
1655,AA-446-DFW-PHL,12:13 PM,4:09 PM
309,UA-37-EDI-EWR,8:52 AM,12:09 PM
1068,AA-271-MIA-LAX,11:52 AM,2:21 PM
2244,AA-1917-JFK-MCO,3:28 PM,5:34 PM
2384,UA-828-SFO-ORD,,
653,CO-4888-IAH-DAL,6:11 PM,6:56 PM
1700,AA-3786-IAH-ORD,4:12 PM,6:09 PM
1060,AA-1221-MCO-ORD,,
228,AA-518-MIA-JFK,6:54 AM,9:28 AM
1363,AA-2312-DFW-DTW,,
214,AA-518-MIA-JFK,6:54 AM,9:28 AM
248,AA-1007-MIA-PHX,5:08 PM,7:55 PM
638,UA-62-IAH-EWR,2:59 PM,7:10 PM
815,AA-3823-LAX-DEN,9:06 PM,11:49 PM
2259,UA-2704-DTW-PHX,11:15 AM,2:00 PM
1113,CO-47-IAH-LAX,8:25 AM,9:52 PM
1133,CO-47-IAH-LAX,7:27 PM,8:46 PM
66,AA-649-ORD-SNA,,
2005,AA-431-MIA-SFO,8:51 AM,11:44 AM
1716,UA-233-LAX-JFK,4:28 PM,12:00 AM
733,AA-2050-ORD-MIA,10:46 AM,2:46 PM
16,UA-2708-EWR-CLT,3:04 PM,4:24 PM
993,AA-2268-PHX-ORD,7:22 AM,11:04 AM
1819,AA-404-MIA-MCO,6:57 AM,7:40 AM
920,UA-6273-YYC-SFO,7:27 AM,8:45 AM
2260,UA-2704-DTW-PHX,11:15 AM,2:00 PM
1494,AA-1434-DFW-MCO,7:22 AM,10:34 AM
1530,AA-400-DFW-JFK,11:02 AM,3:04 PM
618,AA-789-ORD-DEN,1:06 PM,3:13 PM
728,AA-2050-ORD-MIA,11:06 AM,2:46 PM
1231,AA-484-DFW-MIA,4:30 PM,7:37 PM
619,AA-789-ORD-DEN,1:20 PM,2:49 PM
418,UA-2945-PHL-CLT,12:07 PM,1:11 PM
670,CO-4888-IAH-DAL,,
2099,AA-3979-CVG-ORD,8:04 AM,7:59 AM
447,UA-5487-SFO-MRY,10:33 AM,11:21 AM
876,AA-3804-PHL-ORD,2:44 PM,3:43 PM
159,AA-222-LAX-BOS,7:32 AM,3:09 PM
713,AA-2050-ORD-MIA,11:05 AM,2:46 PM
841,AA-2957-DFW-CVG,8:04 AM,10:58 AM
216,AA-518-MIA-JFK,6:54 AM,9:14 AM
1824,CO-1193-EWR-MCO,,
1153,UA-3373-IAD-PHL,,
1242,AA-484-DFW-MIA,4:29 PM,7:39 PM
114,AA-3063-SLC-LAX,8:40 PM,9:12 PM
2069,AA-85-JFK-SFO,3:38 PM,6:36 PM
1034,CO-1250-MIA-IAH,3:17 PM,4:55 PM
2425,AA-1886-BOS-MIA,,
1490,AA-4330-CVG-ORD,3:36 PM,3:33 PM
1370,AA-2312-DFW-DTW,,
731,AA-2050-ORD-MIA,11:06 AM,2:46 PM
717,AA-2050-ORD-MIA,11:06 AM,2:39 PM
1920,UA-854-SFO-IAH,8:07 AM,1:30 PM
2228,AA-1917-JFK-MCO,3:27 PM,5:43 PM
226,AA-518-MIA-JFK,6:54 AM,9:28 AM
967,UA-397-JFK-SFO,8:47 AM,11:30 AM
1951,CO-58-DEN-IAH,,
2083,AA-4307-ORD-DTW,6:55 PM,8:53 PM
571,UA-2830-MCO-CLT,3:50 PM,5:17 PM
2305,AA-1733-ORD-PHX,7:59 PM,
1144,UA-3373-IAD-PHL,8:26 PM,9:13 AM
1675,CO-45-EWR-MIA,3:58 PM,6:36 PM
343,UA-3050-PHX-CLT,11:30 AM,5:05 PM
415,UA-2945-PHL-CLT,3:11 AM,1:15 PM
383,AA-1544-SAN-ORD,11:41 AM,4:56 PM
830,AA-3823-LAX-DEN,,
105,UA-382-IAD-LAX,12:56 PM,3:20 PM
757,CO-62-IAH-EWR,2:48 PM,7:10 PM
1351,AA-3809-PHX-LAX,6:10 AM,6:09 AM
1547,AA-643-MIA-ORD,7:31 AM,9:26 AM
1554,AA-643-MIA-ORD,7:30 AM,9:31 AM
1658,AA-446-DFW-PHL,12:13 PM,4:09 PM
164,AA-3468-CVG-MIA,7:25 AM,9:29 AM
708,UA-248-PHX-ORD,,
2034,CO-1586-IAH-MCO,7:42 PM,10:29 AM
48,AA-649-ORD-SNA,,
569,UA-2830-MCO-CLT,3:50 PM,5:17 PM
2039,CO-1586-IAH-MCO,7:42 PM,10:23 AM
1837,CO-1193-EWR-MCO,9:58 AM,12:09 PM
977,UA-397-JFK-SFO,8:29 AM,11:58 AM
1959,CO-58-DEN-IAH,12:37 PM,3:31 PM
1742,UA-233-LAX-JFK,4:28 PM,12:01 AM
808,CO-50-CLE-EWR,3:31 PM,5:26 PM
836,AA-3823-LAX-DEN,,
1757,AA-1522-SFO-ORD,,
239,AA-1007-MIA-PHX,5:09 PM,7:43 PM
835,AA-3823-LAX-DEN,,
1533,AA-400-DFW-JFK,11:02 AM,3:04 PM
294,AA-1640-MIA-MCO,,
1003,AA-2268-PHX-ORD,7:23 AM,11:07 AM
2141,AA-204-LAX-MCO,,
1165,AA-2525-DFW-MIA,7:39 AM,11:06 AM
746,CO-62-IAH-EWR,2:48 PM,7:10 PM
154,AA-222-LAX-BOS,7:32 AM,3:14 PM
2417,AA-1886-BOS-MIA,10:55 AM,1:40 PM
508,AA-466-IAH-MIA,6:09 AM,8:50 AM
1373,AA-2312-DFW-DTW,,Dec 01 - Not Available
1660,AA-446-DFW-PHL,11:54 AM,4:09 PM
2070,AA-4307-ORD-DTW,6:55 PM,8:53 PM
2163,AA-4277-CVG-JFK,12:10 PM,1:43 PM
1738,UA-233-LAX-JFK,4:30 PM,11:56 PM
673,CO-4888-IAH-DAL,,
1203,AA-1664-MIA-ATL,10:10 AM,11:56 AM
645,CO-4888-IAH-DAL,5:30 PM,6:40 PM
72,UA-382-IAD-LAX,12:55 PM,3:12 PM
20,UA-2708-EWR-CLT,3:04 PM,4:24 PMDec 01
1237,AA-484-DFW-MIA,4:29 PM,7:37 PM
566,UA-2830-MCO-CLT,3:50 PM,5:17 PM
1178,AA-2525-DFW-MIA,7:22 AM,11:06 AM
2298,AA-1733-ORD-PHX,7:59 PM,
1116,CO-47-IAH-LAX,,
2439,CO-52-IAH-LAX,7:56 AM,9:09 AM
819,AA-3823-LAX-DEN,9:16 PM,12:01 AM
1653,AA-446-DFW-PHL,12:13 PM,4:09 PM
1721,UA-233-LAX-JFK,4:28 PM,12:01 AM
1095,UA-414-LAX-SFO,5:56 AM,7:17 AM
1949,CO-58-DEN-IAH,11:32 AM,3:31 PM
2316,AA-1733-ORD-PHX,,
1285,CO-1561-PHX-IAH,,
1986,AA-3-JFK-LAX,12:12 PM,3:16 PM
2296,AA-1733-ORD-PHX,7:58 PM,10:30 PM
1661,AA-446-DFW-PHL,,
1195,AA-1664-MIA-ATL,10:18 AM,11:56 AM
891,UA-664-ORD-PHL,1:31 PM,4:23 PM
2253,UA-2704-DTW-PHX,11:15 AM,2:00 PM
1680,CO-45-EWR-MIA,4:15 PM,6:36 PM
1456,CO-89-IAH-EWR,6:02 AM,10:27 AM
556,UA-2830-MCO-CLT,3:50 PM,5:14 PM
165,AA-3468-CVG-MIA,7:25 AM,9:29 AM
1525,AA-400-DFW-JFK,11:01 AM,3:04 PM
1617,UA-257-JFK-SFO,2:43 PM,5:22 PM
1668,CO-45-EWR-MIA,,
76,UA-382-IAD-LAX,12:56 PM,3:12 PM
1889,UA-3515-IAD-MSP,8:26 AM,9:56 AM
775,AA-59-JFK-SFO,7:39 AM,11:12 AM
752,CO-62-IAH-EWR,2:59 PM,7:10 PM
1646,AA-446-DFW-PHL,12:13 PM,3:59 PM
2130,AA-204-LAX-MCO,11:29 PM,6:35 AM
1821,AA-404-MIA-MCO,6:57 AM,7:40 AM
505,AA-466-IAH-MIA,6:09 AM,8:50 AM
535,UA-2906-PHL-MCO,4:44 PM,6:28 PM
133,AA-3063-SLC-LAX,8:39 PM,2011-12-01 9:19 PM (Estimated)
1466,CO-89-IAH-EWR,6:02 AM,10:27 AM
1850,UA-858-PVG-SFO,1:50 PM,7:50 AM
139,AA-222-LAX-BOS,7:32 AM,3:12 PM
536,UA-2906-PHL-MCO,4:45 PM,6:34 PM
1929,CO-63-EWR-IAH,,
1654,AA-446-DFW-PHL,12:13 PM,4:09 PM
706,UA-248-PHX-ORD,1:43 PM,5:34 PM
1570,UA-843-LAX-ORD,2:04 PM,7:20 PM
734,AA-2050-ORD-MIA,10:46 AM,2:46 PM
1155,UA-3373-IAD-PHL,8:26 PM,9:13 AM
598,AA-789-ORD-DEN,1:20 PM,2:49 PM
1339,AA-3809-PHX-LAX,6:10 AM,6:19 AM
232,AA-518-MIA-JFK,6:54 AM,9:12 AM
402,CO-1023-IAH-DEN,11:56 AM,1:14 PM
1029,CO-1250-MIA-IAH,3:17 PM,4:55 PM
1041,AA-1221-MCO-ORD,8:23 PM,9:47 PM
1410,AA-1165-JFK-MIA,7:22 AM,10:04 AM
323,UA-3050-PHX-CLT,11:30 AM,5:05 PM
740,AA-2050-ORD-MIA,11:06 AM,2:36 PM
1512,AA-1434-DFW-MCO,7:08 AM,10:36 AM
580,UA-2515-DFW-CLT,7:30 AM,10:43 AM
462,CO-1614-LAX-IAH,,
1984,AA-3-JFK-LAX,12:12 PM,3:16 PM
1787,AA-3859-IAH-ORD,7:16 AM,9:22 AM
1928,CO-63-EWR-IAH,5:22 PM,8:03 PM
871,AA-3804-PHL-ORD,2:44 PM,3:36 PM
864,AA-3804-PHL-ORD,2:44 PM,3:43 PM
510,AA-466-IAH-MIA,6:08 AM,8:50 AM
743,CO-62-IAH-EWR,,
833,AA-3823-LAX-DEN,,Dec 02 - Not Available
110,UA-382-IAD-LAX,12:35 PM,
1961,CO-58-DEN-IAH,12:37 PM,3:31 PM
1476,AA-4330-CVG-ORD,3:36 PM,3:26 PM
147,AA-222-LAX-BOS,7:31 AM,3:14 PM
2426,CO-52-IAH-LAX,7:29 AM,9:14 AM
2429,CO-52-IAH-LAX,,
378,AA-1544-SAN-ORD,11:40 AM,4:56 PM
668,CO-4888-IAH-DAL,,
189,AA-3842-MSP-ORD,6:57 AM,7:49 AM
1750,AA-1522-SFO-ORD,,
1638,UA-257-JFK-SFO,2:43 PM,5:28 PM
2300,AA-1733-ORD-PHX,7:59 PM,
1142,UA-3373-IAD-PHL,8:26 PM,9:13 AM
1132,CO-47-IAH-LAX,8:25 PM,
1832,CO-1193-EWR-MCO,9:14 AM,12:09 PM
575,UA-2830-MCO-CLT,,Dec 01 - Contact Airline
409,CO-1023-IAH-DEN,12:06 PM,1:14 PM
2270,UA-2704-DTW-PHX,11:15 AM,2:00 PM
886,AA-3804-PHL-ORD,,
1276,CO-1694-LAX-IAH,,
1298,CO-1561-PHX-IAH,8:18 AM,11:26 AM
2350,UA-938-DEN-ORD,4:37 PM,7:36 PM
509,AA-466-IAH-MIA,6:09 AM,8:50 AM
179,AA-3468-CVG-MIA,7:25 AM,9:45 AM
2366,UA-828-SFO-ORD,,
1264,CO-1694-LAX-IAH,,
1780,AA-3859-IAH-ORD,7:16 AM,9:32 AM
2048,AA-85-JFK-SFO,3:38 PM,6:30 PM
1600,AA-4344-ORD-DTW,12:14 PM,2:01 PM
449,UA-5487-SFO-MRY,10:53 AM,11:21 AM
1590,AA-4344-ORD-DTW,12:14 PM,1:55 PM
280,AA-1640-MIA-MCO,6:30 PM,7:25 PM
2059,AA-85-JFK-SFO,3:38 PM,6:43 PM
53,AA-649-ORD-SNA,1:41 PM,3:29 PM
1588,UA-843-LAX-ORD,2:38 PM,7:53 PM
1751,AA-1522-SFO-ORD,,
2331,CO-1090-BOS-IAH,10:35 AM,1:19 PM
1833,CO-1193-EWR-MCO,9:14 AM,12:09 PM
1647,AA-446-DFW-PHL,12:12 PM,4:09 PM
2421,AA-1886-BOS-MIA,10:55 AM,1:34 PM
1265,CO-1694-LAX-IAH,,
1170,AA-2525-DFW-MIA,7:39 AM,11:06 AM
1514,AA-1434-DFW-MCO,7:22 AM,10:34 AM
1283,CO-1561-PHX-IAH,8:17 AM,11:27 AM
635,UA-62-IAH-EWR,2:59 PM,7:10 PM
687,UA-248-PHX-ORD,1:09 PM,4:52 PM
1776,AA-3859-IAH-ORD,7:16 AM,9:32 AM
632,UA-62-IAH-EWR,2:48 PM,7:10 PM
1777,AA-3859-IAH-ORD,7:16 AM,9:32 AM
1172,AA-2525-DFW-MIA,7:40 AM,11:06 AM
1381,CO-1088-CLE-IAH,,
2422,AA-1886-BOS-MIA,10:42 AM,1:40 PM
414,CO-1023-IAH-DEN,11:56 AM,1:14 PM
211,AA-3842-MSP-ORD,6:56 AM,7:51 AM
1987,AA-3-JFK-LAX,12:12 PM,3:16 PM
1694,AA-3786-IAH-ORD,4:12 PM,6:15 PM
640,UA-62-IAH-EWR,2:59 PM,6:59 PM
1878,UA-2314-ATL-PHL,3:04 PM,5:00 PM
84,UA-382-IAD-LAX,12:56 PM,3:15 PM
2266,UA-2704-DTW-PHX,11:47 AM,2:02 PM
2238,AA-1917-JFK-MCO,3:27 PM,5:43 PM
445,UA-5487-SFO-MRY,10:33 AM,11:21 AM
1383,CO-1088-CLE-IAH,,
1181,AA-2525-DFW-MIA,7:22 AM,11:06 AM
806,CO-50-CLE-EWR,4:02 PM,5:09 PM
2241,AA-1917-JFK-MCO,3:28 PM,5:34 PM
103,UA-382-IAD-LAX,12:56 PM,3:21 PM
474,CO-1614-LAX-IAH,12:41 AM,5:26 AM
54,AA-649-ORD-SNA,1:40 PM,3:40 PM
1297,CO-1561-PHX-IAH,8:18 AM,11:32 AM
2015,AA-431-MIA-SFO,8:31 AM,11:44 AM
353,UA-3099-PHX-PHL,11:55 AM,5:34 PM
104,UA-382-IAD-LAX,12:56 PM,3:07 PM
134,AA-3063-SLC-LAX,8:30 PM,
291,AA-1640-MIA-MCO,,
299,AA-1640-MIA-MCO,6:56 PM,7:35 PM
1989,AA-3-JFK-LAX,11:54 AM,3:16 PM
1773,AA-3859-IAH-ORD,7:16 AM,9:22 AM
65,AA-649-ORD-SNA,,
2369,UA-828-SFO-ORD,11:35 PM,5:21 AM
1543,AA-643-MIA-ORD,7:31 AM,9:26 AM
2205,AA-616-DFW-DTW,10:11 AM,1:11 PM
1979,AA-3-JFK-LAX,12:11 PM,3:16 PM
662,CO-4888-IAH-DAL,,
1637,UA-257-JFK-SFO,2:42 PM,5:42 PM
2098,AA-3979-CVG-ORD,8:04 AM,8:06 AM
2157,AA-4277-CVG-JFK,12:10 PM,1:42 PM
38,UA-3925-IAD-ORF,9:01 AM,9:43 AM
1560,AA-643-MIA-ORD,7:31 AM,9:29 AM
1161,AA-2525-DFW-MIA,7:39 AM,10:43 AM
579,UA-2515-DFW-CLT,7:30 AM,10:43 AM
1689,AA-3786-IAH-ORD,4:12 PM,6:11 PM
1188,AA-1664-MIA-ATL,10:19 AM,11:50 AM
1482,AA-4330-CVG-ORD,3:36 PM,3:25 PM
391,AA-1544-SAN-ORD,11:20 AM,4:56 PM
451,UA-5487-SFO-MRY,10:53 AM,11:21 AM
2106,AA-3979-CVG-ORD,8:04 AM,8:06 AM
837,AA-3823-LAX-DEN,9:06 PM,11:49 PM
1057,AA-1221-MCO-ORD,8:01 PM,9:53 PM
231,AA-518-MIA-JFK,6:54 AM,9:28 AM
881,AA-3804-PHL-ORD,2:44 PM,3:36 PM
768,AA-59-JFK-SFO,7:39 AM,10:52 AM
991,AA-2268-PHX-ORD,7:22 AM,11:04 AM
162,AA-3468-CVG-MIA,7:25 AM,9:29 AM
2152,AA-4277-CVG-JFK,12:11 PM,1:42 PM
1232,AA-484-DFW-MIA,4:29 PM,7:37 PM
1555,AA-643-MIA-ORD,7:30 AM,9:31 AM
1890,UA-3515-IAD-MSP,8:26 AM,9:56 AM
376,AA-1544-SAN-ORD,11:41 AM,4:54 PM
935,UA-6273-YYC-SFO,7:41 AM,8:45 AM
2024,CO-1586-IAH-MCO,,
2208,AA-616-DFW-DTW,10:10 AM,1:11 PM
2212,AA-616-DFW-DTW,10:10 AM,1:27 PM
1343,AA-3809-PHX-LAX,6:11 AM,6:19 AM
2432,CO-52-IAH-LAX,7:56 AM,9:08 AM
1399,CO-1088-CLE-IAH,9:01 AM,10:47 AM
404,CO-1023-IAH-DEN,11:56 AM,1:14 PM
2251,AA-1917-JFK-MCO,3:27 PM,5:43 PM
735,AA-2050-ORD-MIA,11:06 AM,2:36 PM
1101,UA-414-LAX-SFO,6:10 AM,7:17 AM
336,UA-3050-PHX-CLT,11:30 AM,5:05 PM
180,AA-3468-CVG-MIA,7:04 AM,9:45 AM
1952,CO-58-DEN-IAH,,
1686,CO-45-EWR-MIA,,
2229,AA-1917-JFK-MCO,3:28 PM,5:39 PM
2252,AA-1917-JFK-MCO,3:00 PM,5:43 PM
1540,AA-400-DFW-JFK,11:01 AM,3:04 PM
1457,CO-89-IAH-EWR,6:17 AM,10:27 AM
908,UA-664-ORD-PHL,1:48 PM,4:23 PM
1498,AA-1434-DFW-MCO,7:21 AM,10:29 AM
948,AA-4198-ORD-CLE,10:55 AM,12:37 PM
1275,CO-1694-LAX-IAH,Dec 01 - Contact Airline,Dec 02 - Contact Airline
1000,AA-2268-PHX-ORD,7:22 AM,11:06 AM
2186,AA-3756-ORD-SLC,12:41 PM,2:50 PM
1604,AA-4344-ORD-DTW,12:14 PM,2:01 PM
1315,UA-2726-FLL-PHL,3:58 PM,6:28 PM
2245,AA-1917-JFK-MCO,3:28 PM,5:34 PM
843,AA-2957-DFW-CVG,8:04 AM,10:58 AM
1484,AA-4330-CVG-ORD,3:36 PM,3:25 PM
1236,AA-484-DFW-MIA,4:29 PM,7:37 PM
1877,UA-2314-ATL-PHL,3:04 PM,5:00 PM
809,CO-50-CLE-EWR,,
794,CO-50-CLE-EWR,,
1314,UA-2726-FLL-PHL,3:58 PM,6:28 PM
2381,UA-828-SFO-ORD,,
242,AA-1007-MIA-PHX,5:09 PM,7:43 PM
547,UA-2906-PHL-MCO,4:46 PM,6:35 PM
426,UA-2945-PHL-CLT,11:51 AM,1:15 PM
290,AA-1640-MIA-MCO,,
1200,AA-1664-MIA-ATL,10:19 AM,11:50 AM
1225,CO-16-LAX-EWR,10:20 AM,6:34 PM
1537,AA-400-DFW-JFK,10:47 AM,3:04 PM
56,AA-649-ORD-SNA,,
2177,AA-3756-ORD-SLC,12:42 PM,2:50 PM
1968,CO-58-DEN-IAH,11:32 AM,3:31 PM
2334,CO-1090-BOS-IAH,10:19 AM,1:19 PM
1669,CO-45-EWR-MIA,,
2155,AA-4277-CVG-JFK,12:11 PM,1:42 PM
1994,AA-431-MIA-SFO,8:51 AM,11:44 AM
1823,CO-1193-EWR-MCO,9:56 AM,12:02 PM
899,UA-664-ORD-PHL,1:31 PM,4:23 PM
45,UA-3925-IAD-ORF,,
1001,AA-2268-PHX-ORD,7:22 AM,11:06 AM
1329,AA-3809-PHX-LAX,6:11 AM,6:15 AM
990,AA-2268-PHX-ORD,7:22 AM,11:04 AM
35,UA-3925-IAD-ORF,9:01 AM,9:43 AM
453,UA-5487-SFO-MRY,10:53 AM,11:18 AM
1032,CO-1250-MIA-IAH,,
2358,UA-938-DEN-ORD,,
1358,AA-2312-DFW-DTW,8:29 PM,11:35 PM
1938,CO-63-EWR-IAH,5:22 PM,8:03 PM
2319,CO-1090-BOS-IAH,,
1632,UA-257-JFK-SFO,2:42 PM,5:42 PM
2323,CO-1090-BOS-IAH,10:19 AM,1:19 PM
1924,UA-854-SFO-IAH,7:49 AM,1:30 PM
1582,UA-843-LAX-ORD,2:38 PM,7:58 PM
1725,UA-233-LAX-JFK,,
2161,AA-4277-CVG-JFK,12:10 PM,1:43 PM
2054,AA-85-JFK-SFO,3:36 PM,6:43 PM
1469,AA-4330-CVG-ORD,,
390,AA-1544-SAN-ORD,,
337,UA-3050-PHX-CLT,11:30 AM,5:05 PM
463,CO-1614-LAX-IAH,12:41 AM,5:26 AM
2188,AA-3756-ORD-SLC,12:41 PM,2:50 PM
1123,CO-47-IAH-LAX,8:25 PM,9:52 PM
984,UA-397-JFK-SFO,8:48 AM,11:58 AM
2120,AA-3979-CVG-ORD,,
1626,UA-257-JFK-SFO,2:43 PM,5:42 PM
1446,AA-415-BOS-ORD,8:32 AM,10:16 AM
2032,CO-1586-IAH-MCO,7:14 PM,10:29 AM
2329,CO-1090-BOS-IAH,10:35 AM,1:19 PM
1056,AA-1221-MCO-ORD,8:01 PM,9:53 PM
1998,AA-431-MIA-SFO,8:52 AM,11:33 AM
2202,AA-616-DFW-DTW,10:10 AM,1:27 PM
227,AA-518-MIA-JFK,6:54 AM,9:28 AM
317,UA-37-EDI-EWR,,Dec 01 - Contact Airline
1117,CO-47-IAH-LAX,,
500,AA-1279-DFW-PHX,1:48 PM,3:30 PM
2126,AA-204-LAX-MCO,,
649,CO-4888-IAH-DAL,5:38 PM,6:19 PM
91,UA-382-IAD-LAX,12:35 PM,3:21 PM
1888,UA-3515-IAD-MSP,8:26 AM,9:56 AM
846,AA-2957-DFW-CVG,8:05 AM,10:58 AM
431,UA-2945-PHL-CLT,12:08 PM,1:14 PM
1295,CO-1561-PHX-IAH,8:18 AM,11:32 AM
140,AA-222-LAX-BOS,7:32 AM,3:12 PM
441,UA-5487-SFO-MRY,10:53 AM,11:11 AM
2023,CO-1586-IAH-MCO,,
375,AA-1544-SAN-ORD,11:41 AM,4:54 PM
398,CO-1023-IAH-DEN,,
1424,AA-1165-JFK-MIA,6:56 AM,10:04 AM
2365,UA-828-SFO-ORD,,
597,AA-789-ORD-DEN,1:19 PM,3:13 PM
1723,UA-233-LAX-JFK,4:35 PM,12:19 AM
2178,AA-3756-ORD-SLC,12:42 PM,2:50 PM
576,UA-2515-DFW-CLT,7:05 AM,10:47 AM
1487,AA-4330-CVG-ORD,3:36 PM,3:25 PM
727,AA-2050-ORD-MIA,11:06 AM,2:46 PM
423,UA-2945-PHL-CLT,11:51 AM,1:15 PM
1706,AA-3786-IAH-ORD,3:52 PM,6:15 PM
257,AA-1007-MIA-PHX,4:56 PM,7:55 PM
439,UA-5487-SFO-MRY,10:33 AM,11:21 AM
909,UA-664-ORD-PHL,1:48 PM,4:23 PM
39,UA-3925-IAD-ORF,9:01 AM,9:40 AM
1867,UA-2314-ATL-PHL,3:04 PM,4:43 PM
1164,AA-2525-DFW-MIA,7:39 AM,10:43 AM
2187,AA-3756-ORD-SLC,12:41 PM,2:50 PM
676,CO-4888-IAH-DAL,,
545,UA-2906-PHL-MCO,4:46 PM,6:35 PM
243,AA-1007-MIA-PHX,5:08 PM,7:43 PM
70,UA-382-IAD-LAX,12:35 PM,3:11 PM
224,AA-518-MIA-JFK,6:54 AM,9:28 AM
1342,AA-3809-PHX-LAX,6:11 AM,6:19 AM
1128,CO-47-IAH-LAX,8:36 PM,9:38 PM
969,UA-397-JFK-SFO,8:48 AM,11:30 AM
2142,AA-204-LAX-MCO,,
494,AA-1279-DFW-PHX,2:04 PM,3:19 PM
156,AA-222-LAX-BOS,7:05 AM,3:14 PM
2199,AA-3756-ORD-SLC,,
1844,CO-1193-EWR-MCO,,
2065,AA-85-JFK-SFO,,
1459,CO-89-IAH-EWR,6:17 AM,10:27 AM
1414,AA-1165-JFK-MIA,7:23 AM,10:04 AM
1615,UA-257-JFK-SFO,2:43 PM,5:22 PM
2326,CO-1090-BOS-IAH,10:19 AM,1:19 PM
1620,UA-257-JFK-SFO,2:26 PM,5:42 PM
1649,AA-446-DFW-PHL,12:12 PM,4:09 PM
2102,AA-3979-CVG-ORD,8:04 AM,7:59 AM
889,AA-3804-PHL-ORD,2:44 PM,3:43 PM
493,AA-1279-DFW-PHX,2:04 PM,3:19 PM
1431,AA-415-BOS-ORD,8:56 AM,10:16 AM
762,AA-59-JFK-SFO,7:39 AM,11:12 AM
1472,AA-4330-CVG-ORD,,
612,AA-789-ORD-DEN,1:20 PM,3:01 PM
310,UA-37-EDI-EWR,8:52 AM,12:09 PM
117,AA-3063-SLC-LAX,8:40 PM,9:11 PM
464,CO-1614-LAX-IAH,12:41 AM,5:26 AM
1985,AA-3-JFK-LAX,12:12 PM,3:16 PM
875,AA-3804-PHL-ORD,2:44 PM,3:43 PM
1839,CO-1193-EWR-MCO,9:58 AM,12:09 PM
2219,AA-616-DFW-DTW,10:11 AM,1:18 PM
2327,CO-1090-BOS-IAH,10:19 AM,1:19 PM
642,UA-62-IAH-EWR,2:48 PM,7:10 PM
200,AA-3842-MSP-ORD,6:56 AM,7:51 AM
1154,UA-3373-IAD-PHL,8:26 PM,9:13 AM
1915,UA-854-SFO-IAH,7:49 AM,1:30 PM
90,UA-382-IAD-LAX,12:35 PM,3:19 PM
1642,AA-446-DFW-PHL,12:13 PM,4:08 PM
2164,AA-4277-CVG-JFK,12:11 PM,1:43 PM
1500,AA-1434-DFW-MCO,7:21 AM,10:36 AM
661,CO-4888-IAH-DAL,5:30 PM,6:40 PM
1322,UA-2726-FLL-PHL,Dec 01 - Contact Airline,Dec 01 - Contact Airline
2424,AA-1886-BOS-MIA,,
1770,AA-3859-IAH-ORD,7:16 AM,9:22 AM
1645,AA-446-DFW-PHL,12:13 PM,3:59 PM
1930,CO-63-EWR-IAH,,
1461,CO-89-IAH-EWR,6:17 AM,10:27 AM
1643,AA-446-DFW-PHL,12:13 PM,4:08 PM
2122,AA-3979-CVG-ORD,8:04 AM,8:06 AM
1794,AA-3859-IAH-ORD,7:16 AM,9:22 AM
669,CO-4888-IAH-DAL,,
567,UA-2830-MCO-CLT,3:50 PM,5:17 PM
2311,AA-1733-ORD-PHX,7:45 PM,
1287,CO-1561-PHX-IAH,,
1730,UA-233-LAX-JFK,,
907,UA-664-ORD-PHL,1:48 PM,4:23 PM
1202,AA-1664-MIA-ATL,10:19 AM,11:50 AM
2037,CO-1586-IAH-MCO,7:42 PM,10:29 AM
1159,AA-2525-DFW-MIA,7:39 AM,10:43 AM
1266,CO-1694-LAX-IAH,7:15 PM,12:21 AM
1670,CO-45-EWR-MIA,4:14 PM,6:33 PM
1387,CO-1088-CLE-IAH,8:40 AM,10:56 AM
481,AA-1279-DFW-PHX,2:03 PM,3:13 PM
646,CO-4888-IAH-DAL,,
2021,CO-1586-IAH-MCO,7:14 PM,10:29 AM
429,UA-2945-PHL-CLT,12:08 PM,1:14 PM
448,UA-5487-SFO-MRY,10:53 AM,11:21 AM
2382,UA-828-SFO-ORD,,
1187,AA-1664-MIA-ATL,10:19 AM,11:50 AM
2386,UA-37-EWR-MCO,1:48 PM,4:17 PM
2053,AA-85-JFK-SFO,3:36 PM,6:43 PM
1253,AA-484-DFW-MIA,,
2216,AA-616-DFW-DTW,10:11 AM,1:18 PM
691,UA-248-PHX-ORD,,
1234,AA-484-DFW-MIA,4:29 PM,7:37 PM
1943,CO-63-EWR-IAH,5:38 PM,8:03 PM
366,UA-3099-PHX-PHL,11:55 AM,5:35 PM
888,AA-3804-PHL-ORD,,
981,UA-397-JFK-SFO,8:49 AM,11:58 AM
2028,CO-1586-IAH-MCO,7:42 PM,10:24 PM
1158,AA-2525-DFW-MIA,7:40 AM,10:43 AM
304,UA-37-EDI-EWR,,
999,AA-2268-PHX-ORD,7:22 AM,11:06 AM
1911,UA-854-SFO-IAH,8:07 AM,1:23 PM
93,UA-382-IAD-LAX,12:35 PM,3:21 PM
11,UA-2708-EWR-CLT,3:04 PM,4:24 PM
671,CO-4888-IAH-DAL,,
1919,UA-854-SFO-IAH,8:07 AM,1:30 PM
882,AA-3804-PHL-ORD,2:44 PM,3:36 PM
578,UA-2515-DFW-CLT,7:30 AM,10:43 AM
1749,AA-1522-SFO-ORD,12:11 AM,5:52 AM
2224,AA-616-DFW-DTW,10:11 AM,1:11 PM
1134,UA-3373-IAD-PHL,8:26 AM,9:13 AM
1884,UA-2314-ATL-PHL,,
674,CO-4888-IAH-DAL,,
759,CO-62-IAH-EWR,,
1038,AA-1221-MCO-ORD,8:23 PM,9:47 PM
2408,AA-1886-BOS-MIA,10:55 AM,1:36 PM
1168,AA-2525-DFW-MIA,7:39 AM,11:06 AM
1429,AA-415-BOS-ORD,8:55 AM,10:12 AM
679,UA-248-PHX-ORD,1:42 PM,5:24 PM
1065,AA-271-MIA-LAX,11:52 AM,2:21 PM
705,UA-248-PHX-ORD,,
515,AA-466-IAH-MIA,6:08 AM,9:05 AM
1747,AA-1522-SFO-ORD,12:11 AM,5:52 AM
1851,UA-858-PVG-SFO,1:50 PM,7:50 AM
2214,AA-616-DFW-DTW,10:10 AM,1:27 PM
783,AA-59-JFK-SFO,7:14 AM,11:12 AM
503,AA-1279-DFW-PHX,2:04 PM,3:19 PM
2383,UA-828-SFO-ORD,,
902,UA-664-ORD-PHL,1:31 PM,4:23 PM
2108,AA-3979-CVG-ORD,8:04 AM,8:06 AM
2203,AA-616-DFW-DTW,10:11 AM,1:19 PM
623,AA-789-ORD-DEN,1:19 PM,3:13 PM
1932,CO-63-EWR-IAH,,
1085,AA-271-MIA-LAX,11:33 AM,2:27 PM
382,AA-1544-SAN-ORD,11:41 AM,4:56 PM
2051,AA-85-JFK-SFO,3:36 PM,6:43 PM
238,AA-1007-MIA-PHX,5:09 PM,7:43 PM
6,UA-2708-EWR-CLT,2:52 PM,4:44 PM
560,UA-2830-MCO-CLT,3:28 PM,5:17 PM
2321,CO-1090-BOS-IAH,,
125,AA-3063-SLC-LAX,8:40 PM,9:11 PM
2114,AA-3979-CVG-ORD,8:04 AM,7:57 AM
1538,AA-400-DFW-JFK,11:02 AM,2:52 PM
2403,UA-37-EWR-MCO,2:01 PM,4:17 PM
1876,UA-2314-ATL-PHL,3:04 PM,5:00 PM
929,UA-6273-YYC-SFO,7:41 AM,8:45 AM
1080,AA-271-MIA-LAX,11:52 AM,2:27 PM
1279,CO-1694-LAX-IAH,,
1887,UA-3515-IAD-MSP,8:12 AM,9:56 AM
1849,UA-858-PVG-SFO,1:50 PM,7:50 AM
1452,CO-89-IAH-EWR,6:02 AM,10:27 AM
1758,AA-1522-SFO-ORD,,
851,AA-2957-DFW-CVG,8:04 AM,11:01 AM
2290,AA-1733-ORD-PHX,,
995,AA-2268-PHX-ORD,7:23 AM,11:04 AM
1272,CO-1694-LAX-IAH,,
1811,AA-404-MIA-MCO,6:58 AM,7:32 AM
327,UA-3050-PHX-CLT,11:45 AM,5:00 PM
1438,AA-415-BOS-ORD,8:56 AM,10:10 AM
813,AA-3823-LAX-DEN,9:16 PM,12:01 AM
255,AA-1007-MIA-PHX,5:09 PM,7:53 PM
395,CO-1023-IAH-DEN,,
1280,CO-1694-LAX-IAH,7:25 PM,12:02 AM
588,UA-2515-DFW-CLT,7:31 AM,10:45 AM
538,UA-2906-PHL-MCO,4:28 PM,6:38 PM
2067,AA-85-JFK-SFO,3:38 PM,6:36 PM
3,UA-2708-EWR-CLT,3:04 PM,4:22 PM
1189,AA-1664-MIA-ATL,10:19 AM,11:50 AM
2249,AA-1917-JFK-MCO,,
1313,UA-2726-FLL-PHL,3:58 PM,6:28 PM
1764,AA-1522-SFO-ORD,,
1774,AA-3859-IAH-ORD,7:16 AM,9:22 AM
1613,UA-257-JFK-SFO,2:41 PM,5:22 PM
2040,CO-1586-IAH-MCO,7:14 PM,10:02 AM
2243,AA-1917-JFK-MCO,3:28 PM,5:34 PM
2262,UA-2704-DTW-PHX,11:15 AM,2:00 PM
1118,CO-47-IAH-LAX,7:27 PM,8:46 PM
2332,CO-1090-BOS-IAH,10:35 AM,1:19 PM
1239,AA-484-DFW-MIA,4:29 PM,7:39 PM
354,UA-3099-PHX-PHL,11:55 AM,5:34 PM
933,UA-6273-YYC-SFO,7:41 AM,8:45 AM
2277,AA-1733-ORD-PHX,7:59 PM,10:30 PM
524,AA-466-IAH-MIA,5:58 AM,9:05 AM
1088,AA-271-MIA-LAX,11:52 AM,2:17 PM
1454,CO-89-IAH-EWR,6:02 AM,10:27 AM
606,AA-789-ORD-DEN,1:19 PM,3:13 PM
922,UA-6273-YYC-SFO,7:41 AM,8:33 AM
1995,AA-431-MIA-SFO,8:52 AM,11:33 AM
1361,AA-2312-DFW-DTW,,
192,AA-3842-MSP-ORD,6:57 AM,7:49 AM
346,UA-3050-PHX-CLT,11:30 AM,5:05 PM
739,AA-2050-ORD-MIA,11:06 AM,2:36 PM
1860,UA-858-PVG-SFO,1:45 PM,8:02 AM
1040,AA-1221-MCO-ORD,8:23 PM,9:47 PM
1662,AA-446-DFW-PHL,,
136,AA-222-LAX-BOS,7:31 AM,3:14 PM
497,AA-1279-DFW-PHX,2:04 PM,3:19 PM
1544,AA-643-MIA-ORD,7:31 AM,9:26 AM
1740,UA-233-LAX-JFK,,Not Available
599,AA-789-ORD-DEN,1:20 PM,2:49 PM
2280,AA-1733-ORD-PHX,7:59 PM,10:30 PM
2308,AA-1733-ORD-PHX,7:59 PM,10:39 PM
1318,UA-2726-FLL-PHL,4:10 PM,6:25 PM
840,AA-2957-DFW-CVG,8:05 AM,10:58 AM
2210,AA-616-DFW-DTW,10:10 AM,1:27 PM
678,UA-248-PHX-ORD,12:57 PM,5:34 PM
1323,UA-2726-FLL-PHL,3:58 PM,6:28 PM
557,UA-2830-MCO-CLT,3:50 PM,5:14 PM
2030,CO-1586-IAH-MCO,7:14 PM,10:29 AM
2230,AA-1917-JFK-MCO,3:28 PM,5:39 PM
2093,AA-4307-ORD-DTW,,
1792,AA-3859-IAH-ORD,,
1566,AA-643-MIA-ORD,7:10 AM,9:31 AM
2153,AA-4277-CVG-JFK,12:11 PM,1:42 PM
1754,AA-1522-SFO-ORD,12:10 AM,5:42 AM
589,UA-2515-DFW-CLT,7:31 AM,10:45 AM
1583,UA-843-LAX-ORD,2:38 PM,7:58 PM
335,UA-3050-PHX-CLT,11:30 AM,5:05 PM
2018,AA-431-MIA-SFO,8:51 AM,11:44 AM
367,UA-3099-PHX-PHL,,Dec 01 - Contact Airline
1990,AA-3-JFK-LAX,11:54 AM,3:16 PM
823,AA-3823-LAX-DEN,,
480,AA-1279-DFW-PHX,2:04 PM,3:13 PM
2029,CO-1586-IAH-MCO,7:14 PM,10:29 AM
167,AA-3468-CVG-MIA,7:25 AM,9:29 AM
1550,AA-643-MIA-ORD,7:30 AM,9:31 AM
1152,UA-3373-IAD-PHL,,
2281,AA-1733-ORD-PHX,7:59 PM,10:31 PM
611,AA-789-ORD-DEN,1:20 PM,3:01 PM
381,AA-1544-SAN-ORD,11:41 AM,4:56 PM
1965,CO-58-DEN-IAH,11:37 AM,3:31 PM
198,AA-3842-MSP-ORD,6:56 AM,7:51 AM
2335,CO-1090-BOS-IAH,,
957,AA-4198-ORD-CLE,10:55 AM,12:48 PM
1336,AA-3809-PHX-LAX,6:10 AM,6:19 AM
2133,AA-204-LAX-MCO,,
651,CO-4888-IAH-DAL,5:38 PM,6:19 PM
1763,AA-1522-SFO-ORD,,Dec 02 - Not Available
594,UA-2515-DFW-CLT,,
2191,AA-3756-ORD-SLC,12:42 PM,2:52 PM
917,UA-664-ORD-PHL,,
1914,UA-854-SFO-IAH,7:49 AM,1:30 PM
527,AA-466-IAH-MIA,,9:04 AM
2272,UA-2704-DTW-PHX,11:47 AM,2:02 PM
860,AA-2957-DFW-CVG,7:51 AM,11:01 AM
546,UA-2906-PHL-MCO,4:46 PM,6:35 PM
1690,AA-3786-IAH-ORD,4:12 PM,6:11 PM
370,UA-3099-PHX-PHL,11:43 AM,5:38 PM
438,UA-2945-PHL-CLT,11:51 AM,1:15 PM
548,UA-2906-PHL-MCO,4:46 PM,6:35 PM
2377,UA-828-SFO-ORD,,
848,AA-2957-DFW-CVG,8:04 AM,11:01 AM
528,AA-466-IAH-MIA,6:09 AM,9:00 AM
1904,UA-3515-IAD-MSP,8:12 AM,9:56 AM
345,UA-3050-PHX-CLT,,
2172,AA-4277-CVG-JFK,,
857,AA-2957-DFW-CVG,8:05 AM,11:00 AM
2225,AA-616-DFW-DTW,10:10 AM,1:27 PM
1107,UA-414-LAX-SFO,6:09 AM,7:17 AM
525,AA-466-IAH-MIA,5:58 AM,9:05 AM
2094,AA-4307-ORD-DTW,,
1492,AA-1434-DFW-MCO,7:21 AM,10:36 AM
1145,UA-3373-IAD-PHL,8:37 AM,9:13 AM
1816,AA-404-MIA-MCO,6:41 AM,7:40 AM
719,AA-2050-ORD-MIA,11:05 AM,2:39 PM
1727,UA-233-LAX-JFK,4:28 PM,12:01 AM
1196,AA-1664-MIA-ATL,10:18 AM,11:56 AM
1504,AA-1434-DFW-MCO,7:21 AM,10:36 AM
869,AA-3804-PHL-ORD,2:44 PM,3:36 PM
897,UA-664-ORD-PHL,1:48 PM,4:20 PM
1808,AA-404-MIA-MCO,6:57 AM,7:40 AM
738,AA-2050-ORD-MIA,11:05 AM,2:46 PM
1197,AA-1664-MIA-ATL,10:19 AM,11:50 AM
918,UA-664-ORD-PHL,1:48 PM,4:20 PM
2215,AA-616-DFW-DTW,10:10 AM,1:18 PM
1939,CO-63-EWR-IAH,5:22 PM,8:03 PM
403,CO-1023-IAH-DEN,11:56 AM,1:14 PM
2261,UA-2704-DTW-PHX,11:15 AM,2:00 PM
333,UA-3050-PHX-CLT,11:30 AM,5:05 PM
1293,CO-1561-PHX-IAH,8:18 AM,11:32 AM
685,UA-248-PHX-ORD,1:09 PM,4:52 PM
647,CO-4888-IAH-DAL,,
1433,AA-415-BOS-ORD,8:56 AM,10:16 AM
1281,CO-1694-LAX-IAH,7:15 PM,12:21 AM
436,UA-2945-PHL-CLT,,
1775,AA-3859-IAH-ORD,7:16 AM,9:22 AM
1684,CO-45-EWR-MIA,3:58 PM,6:36 PM
1228,CO-16-LAX-EWR,,
275,AA-1640-MIA-MCO,,
1180,AA-2525-DFW-MIA,,11:06 AM
744,CO-62-IAH-EWR,,
845,AA-2957-DFW-CVG,8:05 AM,10:58 AM
1873,UA-2314-ATL-PHL,2:46 PM,4:47 PM
1120,CO-47-IAH-LAX,8:25 PM,8:46 PM
1724,UA-233-LAX-JFK,,
443,UA-5487-SFO-MRY,10:53 AM,11:11 AM
1451,CO-89-IAH-EWR,,
621,AA-789-ORD-DEN,,
168,AA-3468-CVG-MIA,7:25 AM,9:45 AM
1044,AA-1221-MCO-ORD,8:23 PM,9:53 PM
1440,AA-415-BOS-ORD,8:56 AM,10:10 AM
1801,AA-404-MIA-MCO,6:57 AM,7:35 AM
858,AA-2957-DFW-CVG,8:05 AM,11:00 AM
1069,AA-271-MIA-LAX,11:52 AM,2:21 PM
160,AA-3468-CVG-MIA,7:25 AM,9:45 AM
194,AA-3842-MSP-ORD,6:56 AM,7:49 AM
1455,CO-89-IAH-EWR,6:02 AM,10:27 AM
2189,AA-3756-ORD-SLC,12:41 PM,2:50 PM
1087,AA-271-MIA-LAX,11:33 AM,2:27 PM
686,UA-248-PHX-ORD,1:43 PM,5:24 PM
2149,AA-204-LAX-MCO,,
906,UA-664-ORD-PHL,1:48 PM,4:23 PM
240,AA-1007-MIA-PHX,5:09 PM,7:43 PM
2315,AA-1733-ORD-PHX,7:58 PM,10:30 PM
2339,UA-938-DEN-ORD,4:15 PM,7:36 PM
1019,CO-1250-MIA-IAH,3:01 PM,4:59 PM
34,UA-3925-IAD-ORF,9:01 AM,9:43 AM
1827,CO-1193-EWR-MCO,,
1378,AA-2312-DFW-DTW,8:29 PM,11:35 PM
293,AA-1640-MIA-MCO,,
2193,AA-3756-ORD-SLC,12:42 PM,2:52 PM
2344,UA-938-DEN-ORD,4:37 PM,7:23 PM
2286,AA-1733-ORD-PHX,7:59 PM,10:30 PM
1013,AA-2268-PHX-ORD,7:23 AM,11:04 AM
1602,AA-4344-ORD-DTW,12:14 PM,2:01 PM
677,UA-248-PHX-ORD,12:57 PM,4:59 PM
1435,AA-415-BOS-ORD,8:56 AM,10:10 AM
400,CO-1023-IAH-DEN,12:06 PM,1:07 PM
2320,CO-1090-BOS-IAH,,
2147,AA-204-LAX-MCO,11:58 PM,7:02 AM
80,UA-382-IAD-LAX,12:56 PM,3:12 PM
1045,AA-1221-MCO-ORD,8:23 PM,9:53 PM
1814,AA-404-MIA-MCO,6:58 AM,7:32 AM
2125,AA-204-LAX-MCO,11:58 PM,6:56 AM
22,UA-3925-IAD-ORF,9:01 AM,9:39 AM
1652,AA-446-DFW-PHL,12:12 PM,4:09 PM
2352,UA-938-DEN-ORD,4:37 PM,7:36 PM
964,AA-4198-ORD-CLE,,
2269,UA-2704-DTW-PHX,Dec 01 - Contact Airline,Dec 01 - Contact Airline
2360,UA-938-DEN-ORD,4:15 PM,7:36 PM
1263,CO-1694-LAX-IAH,,
484,AA-1279-DFW-PHX,2:03 PM,3:13 PM
151,AA-222-LAX-BOS,7:32 AM,3:14 PM
988,AA-2268-PHX-ORD,7:22 AM,11:06 AM
2190,AA-3756-ORD-SLC,12:42 PM,2:52 PM
625,UA-62-IAH-EWR,2:48 PM,7:10 PM
959,AA-4198-ORD-CLE,10:55 AM,12:48 PM
2292,AA-1733-ORD-PHX,,
408,CO-1023-IAH-DEN,12:06 PM,1:14 PM
1769,AA-3859-IAH-ORD,7:16 AM,9:22 AM
1973,AA-3-JFK-LAX,12:12 PM,3:04 PM
36,UA-3925-IAD-ORF,9:01 AM,9:43 AM
29,UA-3925-IAD-ORF,8:42 AM,9:43 AM
446,UA-5487-SFO-MRY,10:33 AM,11:21 AM
690,UA-248-PHX-ORD,1:32 PM,5:34 PM
342,UA-3050-PHX-CLT,,Dec 01 - Contact Airline
1462,CO-89-IAH-EWR,6:17 AM,10:18 AM
1580,UA-843-LAX-ORD,2:38 PM,7:58 PM
1905,UA-3515-IAD-MSP,,
43,UA-3925-IAD-ORF,8:42 AM,9:43 AM
1262,CO-1694-LAX-IAH,7:25 PM,12:02 AM
1753,AA-1522-SFO-ORD,12:10 AM,5:42 AM
1143,UA-3373-IAD-PHL,8:26 PM,9:13 AM
2063,AA-85-JFK-SFO,3:09 PM,6:43 PM
667,CO-4888-IAH-DAL,,
697,UA-248-PHX-ORD,,
565,UA-2830-MCO-CLT,3:28 PM,5:17 PM
1063,AA-1221-MCO-ORD,,
1129,CO-47-IAH-LAX,8:36 PM,9:38 PM
1332,AA-3809-PHX-LAX,6:10 AM,6:09 AM
229,AA-518-MIA-JFK,6:54 AM,9:28 AM
1691,AA-3786-IAH-ORD,4:12 PM,6:11 PM
1603,AA-4344-ORD-DTW,12:14 PM,2:01 PM
1942,CO-63-EWR-IAH,5:38 PM,8:03 PM
1503,AA-1434-DFW-MCO,7:21 AM,10:36 AM
1131,CO-47-IAH-LAX,8:25 PM,
271,UA-1500-IAH-GUA,9:43 AM,12:12 PM
1367,AA-2312-DFW-DTW,,
2347,UA-938-DEN-ORD,4:15 PM,7:36 PM
1892,UA-3515-IAD-MSP,8:12 AM,9:56 AM
1957,CO-58-DEN-IAH,11:32 AM,3:31 PM
258,UA-1500-IAH-GUA,9:16 AM,11:56 AM
2294,AA-1733-ORD-PHX,7:58 PM,10:30 PM
1709,AA-3786-IAH-ORD,,
1846,CO-1193-EWR-MCO,9:14 AM,12:09 PM
1687,AA-3786-IAH-ORD,4:12 PM,6:15 PM
490,AA-1279-DFW-PHX,2:04 PM,3:20 PM
1304,UA-2726-FLL-PHL,4:10 PM,6:25 PM
709,UA-248-PHX-ORD,,
207,AA-3842-MSP-ORD,5:59 AM,7:51 AM
1863,UA-858-PVG-SFO,1:32 PM,8:02 AM
1755,AA-1522-SFO-ORD,12:10 AM,5:42 AM
245,AA-1007-MIA-PHX,5:08 PM,7:55 PM
2222,AA-616-DFW-DTW,9:59 AM,1:27 PM
425,UA-2945-PHL-CLT,11:51 AM,1:15 PM
769,AA-59-JFK-SFO,7:39 AM,10:52 AM
1491,AA-4330-CVG-ORD,3:36 PM,3:26 PM
320,UA-37-EDI-EWR,,
1948,CO-63-EWR-IAH,5:38 PM,7:43 PM
2414,AA-1886-BOS-MIA,10:55 AM,1:40 PM
912,UA-664-ORD-PHL,1:31 PM,4:23 PM
513,AA-466-IAH-MIA,6:08 AM,9:05 AM
894,UA-664-ORD-PHL,1:48 PM,4:20 PM
1717,UA-233-LAX-JFK,,
1434,AA-415-BOS-ORD,8:56 AM,10:16 AM
1778,AA-3859-IAH-ORD,7:16 AM,9:32 AM
1179,AA-2525-DFW-MIA,7:40 AM,10:52 AM
2062,AA-85-JFK-SFO,3:38 PM,6:36 PM
971,UA-397-JFK-SFO,8:48 AM,11:30 AM
1711,AA-3786-IAH-ORD,,
820,AA-3823-LAX-DEN,9:16 PM,12:01 AM
805,CO-50-CLE-EWR,4:02 PM,5:26 PM
142,AA-222-LAX-BOS,7:32 AM,3:12 PM
643,UA-62-IAH-EWR,,
533,UA-2906-PHL-MCO,4:44 PM,6:28 PM
456,UA-5487-SFO-MRY,,
1008,AA-2268-PHX-ORD,7:10 AM,11:06 AM
1046,AA-1221-MCO-ORD,8:23 PM,9:53 PM
1124,CO-47-IAH-LAX,8:25 PM,9:52 PM
306,UA-37-EDI-EWR,,
1191,AA-1664-MIA-ATL,10:18 AM,11:56 AM
1140,UA-3373-IAD-PHL,8:26 PM,9:13 AM
1558,AA-643-MIA-ORD,7:31 AM,9:29 AM
1698,AA-3786-IAH-ORD,4:12 PM,6:15 PM
867,AA-3804-PHL-ORD,2:44 PM,3:36 PM
2395,UA-37-EWR-MCO,1:48 PM,4:17 PM
1937,CO-63-EWR-IAH,5:22 PM,8:03 PM
1634,UA-257-JFK-SFO,,
2427,CO-52-IAH-LAX,,
859,AA-2957-DFW-CVG,7:51 AM,Dec 01 - 11:01am
938,UA-6273-YYC-SFO,7:41 AM,8:41 AM
980,UA-397-JFK-SFO,8:49 AM,11:58 AM
998,AA-2268-PHX-ORD,7:22 AM,11:06 AM
585,UA-2515-DFW-CLT,7:07 AM,10:47 AM
664,CO-4888-IAH-DAL,,
301,AA-1640-MIA-MCO,6:47 PM,7:25 PM
100,UA-382-IAD-LAX,12:56 PM,3:11 PM
916,UA-664-ORD-PHL,1:31 PM,4:23 PM
1007,AA-2268-PHX-ORD,7:23 AM,11:07 AM
558,UA-2830-MCO-CLT,3:50 PM,5:14 PM
2218,AA-616-DFW-DTW,10:11 AM,1:18 PM
129,AA-3063-SLC-LAX,8:40 PM,9:11 PM
2257,UA-2704-DTW-PHX,11:47 AM,1:52 PM
153,AA-222-LAX-BOS,7:32 AM,3:14 PM
252,AA-1007-MIA-PHX,5:09 PM,7:53 PM
816,AA-3823-LAX-DEN,9:06 PM,11:49 PM
1002,AA-2268-PHX-ORD,7:23 AM,11:07 AM
161,AA-3468-CVG-MIA,7:25 AM,9:29 AM
1167,AA-2525-DFW-MIA,7:39 AM,11:06 AM
2097,AA-4307-ORD-DTW,6:55 PM,8:53 PM
1862,UA-858-PVG-SFO,1:50 PM,8:02 AM
892,UA-664-ORD-PHL,1:46 PM,4:20 PM
834,AA-3823-LAX-DEN,,
771,AA-59-JFK-SFO,7:39 AM,11:12 AM
1667,CO-45-EWR-MIA,,
1086,AA-271-MIA-LAX,11:52 AM,2:17 PM
1368,AA-2312-DFW-DTW,,
1856,UA-858-PVG-SFO,1:45 PM,8:02 AM
369,UA-3099-PHX-PHL,,
1160,AA-2525-DFW-MIA,7:39 AM,10:43 AM
1394,CO-1088-CLE-IAH,9:01 AM,10:56 AM
613,AA-789-ORD-DEN,1:20 PM,3:01 PM
832,AA-3823-LAX-DEN,,
155,AA-222-LAX-BOS,7:32 AM,3:14 PM
1854,UA-858-PVG-SFO,1:32 PM,8:02 AM
1739,UA-233-LAX-JFK,4:28 PM,12:01 AM
2167,AA-4277-CVG-JFK,12:11 PM,1:43 PM
1330,AA-3809-PHX-LAX,6:11 AM,6:15 AM
2135,AA-204-LAX-MCO,,
2137,AA-204-LAX-MCO,11:29 PM,6:35 AM
1028,CO-1250-MIA-IAH,3:17 PM,4:59 PM
420,UA-2945-PHL-CLT,12:07 PM,1:08 PM
365,UA-3099-PHX-PHL,11:55 AM,6:17 PM
582,UA-2515-DFW-CLT,7:07 AM,10:47 AM
1467,AA-4330-CVG-ORD,3:36 PM,3:33 PM
1595,AA-4344-ORD-DTW,12:13 PM,2:10 PM
247,AA-1007-MIA-PHX,5:08 PM,7:55 PM
1625,UA-257-JFK-SFO,2:26 PM,5:42 PM
937,UA-6273-YYC-SFO,,
314,UA-37-EDI-EWR,9:05 AM,12:09 PM
2105,AA-3979-CVG-ORD,8:04 AM,7:59 AM
1292,CO-1561-PHX-IAH,8:00 PM,11:32 AM
2025,CO-1586-IAH-MCO,,
1577,UA-843-LAX-ORD,2:10 PM,7:58 PM
726,AA-2050-ORD-MIA,11:05 AM,2:46 PM
1050,AA-1221-MCO-ORD,8:23 PM,9:49 PM
1073,AA-271-MIA-LAX,11:52 AM,2:27 PM
2175,AA-4277-CVG-JFK,12:11 PM,1:40 PM
552,UA-2906-PHL-MCO,,
1574,UA-843-LAX-ORD,2:10 PM,7:58 PM
1176,AA-2525-DFW-MIA,7:40 AM,10:53 AM
2171,AA-4277-CVG-JFK,12:01 PM,1:43 PM
537,UA-2906-PHL-MCO,4:45 PM,6:34 PM
1766,AA-1522-SFO-ORD,,
1807,AA-404-MIA-MCO,6:57 AM,7:40 AM
2258,UA-2704-DTW-PHX,11:15 AM,2:00 PM
872,AA-3804-PHL-ORD,2:44 PM,3:43 PM
914,UA-664-ORD-PHL,,
2042,CO-1586-IAH-MCO,7:42 PM,10:23 AM
954,AA-4198-ORD-CLE,10:54 AM,12:50 PM
113,AA-3063-SLC-LAX,8:40 PM,9:12 PM
1644,AA-446-DFW-PHL,12:13 PM,4:08 PM
715,AA-2050-ORD-MIA,11:06 AM,2:39 PM
283,AA-1640-MIA-MCO,,
795,CO-50-CLE-EWR,,
910,UA-664-ORD-PHL,1:48 PM,4:18 PM
2411,AA-1886-BOS-MIA,10:54 AM,1:36 PM
1788,AA-3859-IAH-ORD,7:02 AM,9:32 AM
1707,AA-3786-IAH-ORD,3:52 PM,6:15 PM
1969,AA-3-JFK-LAX,12:11 PM,3:16 PM
106,UA-382-IAD-LAX,12:35 PM,3:21 PM
60,AA-649-ORD-SNA,,
1359,AA-2312-DFW-DTW,8:29 PM,11:35 PM
329,UA-3050-PHX-CLT,11:45 AM,4:57 PM
1605,AA-4344-ORD-DTW,12:14 PM,2:01 PM
656,CO-4888-IAH-DAL,,
2096,AA-4307-ORD-DTW,6:56 PM,8:38 PM
1997,AA-431-MIA-SFO,8:52 AM,11:33 AM
2391,UA-37-EWR-MCO,,
2407,AA-1886-BOS-MIA,10:55 AM,1:40 PM
1735,UA-233-LAX-JFK,,Not Available
2373,UA-828-SFO-ORD,,
1246,AA-484-DFW-MIA,4:30 PM,7:39 PM
119,AA-3063-SLC-LAX,8:39 PM,9:20 PM
1799,AA-404-MIA-MCO,6:58 AM,7:37 AM
1523,AA-400-DFW-JFK,11:01 AM,2:58 PM
2287,AA-1733-ORD-PHX,7:59 PM,10:28 PM
637,UA-62-IAH-EWR,2:59 PM,7:10 PM
1771,AA-3859-IAH-ORD,7:16 AM,9:22 AM
5,UA-2708-EWR-CLT,3:04 PM,4:22 PM
171,AA-3468-CVG-MIA,7:25 AM,9:45 AM
44,UA-3925-IAD-ORF,,
1896,UA-3515-IAD-MSP,8:12 AM,9:56 AM
46,UA-3925-IAD-ORF,8:51 AM,9:44 AM
1745,AA-1522-SFO-ORD,,
324,UA-3050-PHX-CLT,11:45 AM,5:00 PM
1633,UA-257-JFK-SFO,2:42 PM,5:42 PM
350,UA-3099-PHX-PHL,11:55 AM,5:34 PM
135,AA-3063-SLC-LAX,8:39 PM,2011-12-01 9:19 PM (Estimated)
2150,AA-4277-CVG-JFK,12:10 PM,1:43 PM
1033,CO-1250-MIA-IAH,3:01 PM,4:59 PM
863,AA-2957-DFW-CVG,,
2085,AA-4307-ORD-DTW,6:56 PM,8:43 PM
2233,AA-1917-JFK-MCO,3:27 PM,5:39 PM
946,AA-4198-ORD-CLE,10:55 AM,12:37 PM
364,UA-3099-PHX-PHL,11:55 AM,6:17 PM
903,UA-664-ORD-PHL,1:31 PM,4:23 PM
219,AA-518-MIA-JFK,6:54 AM,9:14 AM
1270,CO-1694-LAX-IAH,,
2390,UA-37-EWR-MCO,,
1722,UA-233-LAX-JFK,4:35 PM,12:19 AM
1269,CO-1694-LAX-IAH,,
2013,AA-431-MIA-SFO,8:52 AM,11:40 AM
478,CO-1614-LAX-IAH,,
212,AA-3842-MSP-ORD,5:59 AM,7:51 AM
2090,AA-4307-ORD-DTW,6:40 PM,8:53 PM
1326,AA-3809-PHX-LAX,6:10 AM,6:19 AM
1536,AA-400-DFW-JFK,10:47 AM,3:04 PM
868,AA-3804-PHL-ORD,2:44 PM,3:36 PM
1505,AA-1434-DFW-MCO,7:21 AM,10:36 AM
1903,UA-3515-IAD-MSP,8:24 AM,9:56 AM
1779,AA-3859-IAH-ORD,7:16 AM,9:32 AM
1324,UA-2726-FLL-PHL,,
1882,UA-2314-ATL-PHL,Dec 01 - Contact Airline,Dec 01 - Contact Airline
1249,AA-484-DFW-MIA,12:00 AM,7:35 PM
1171,AA-2525-DFW-MIA,7:40 AM,11:06 AM
539,UA-2906-PHL-MCO,4:28 PM,6:38 PM
1852,UA-858-PVG-SFO,1:50 PM,7:50 AM
2306,AA-1733-ORD-PHX,7:59 PM,
1496,AA-1434-DFW-MCO,7:22 AM,10:34 AM
2434,CO-52-IAH-LAX,7:29 AM,9:14 AM
617,AA-789-ORD-DEN,1:06 PM,3:13 PM
1300,CO-1561-PHX-IAH,8:00 AM,11:32 AM
1257,CO-1694-LAX-IAH,,
1746,AA-1522-SFO-ORD,12:11 AM,5:52 AM
2127,AA-204-LAX-MCO,11:29 PM,6:35 AM
313,UA-37-EDI-EWR,9:05 AM,12:09 PM
51,AA-649-ORD-SNA,1:41 PM,3:29 PM
1310,UA-2726-FLL-PHL,3:58 PM,6:28 PM
1836,CO-1193-EWR-MCO,9:58 AM,12:09 PM
2310,AA-1733-ORD-PHX,7:45 PM,10:30 PM
1656,AA-446-DFW-PHL,12:13 PM,4:09 PM
689,UA-248-PHX-ORD,,
483,AA-1279-DFW-PHX,2:03 PM,3:13 PM
2397,UA-37-EWR-MCO,1:48 PM,4:17 PM
2355,UA-938-DEN-ORD,4:37 PM,7:26 PM
1427,AA-415-BOS-ORD,8:55 AM,10:12 AM
442,UA-5487-SFO-MRY,10:53 AM,11:11 AM
1497,AA-1434-DFW-MCO,7:22 AM,10:34 AM
787,AA-59-JFK-SFO,7:40 AM,10:49 AM
1204,AA-1664-MIA-ATL,10:10 AM,11:56 AM
1014,CO-1250-MIA-IAH,3:01 PM,4:59 PM
1509,AA-1434-DFW-MCO,7:22 AM,10:29 AM
778,AA-59-JFK-SFO,7:40 AM,11:12 AM
1384,CO-1088-CLE-IAH,,
2181,AA-3756-ORD-SLC,12:42 PM,2:50 PM
47,UA-3925-IAD-ORF,,
1565,AA-643-MIA-ORD,,
962,AA-4198-ORD-CLE,10:35 AM,12:50 PM
1299,CO-1561-PHX-IAH,8:00 AM,11:32 AM
458,CO-1614-LAX-IAH,12:57 AM,5:25 AM
574,UA-2830-MCO-CLT,,
1442,AA-415-BOS-ORD,8:32 AM,10:16 AM
2345,UA-938-DEN-ORD,4:15 PM,7:33 PM
2145,AA-204-LAX-MCO,,
1240,AA-484-DFW-MIA,4:29 PM,7:39 PM
2374,UA-828-SFO-ORD,,
2116,AA-3979-CVG-ORD,8:04 AM,7:57 AM
279,AA-1640-MIA-MCO,6:47 PM,7:25 PM
696,UA-248-PHX-ORD,1:32 PM,5:34 PM
1012,AA-2268-PHX-ORD,7:23 AM,11:07 AM
1557,AA-643-MIA-ORD,7:31 AM,9:29 AM
1042,AA-1221-MCO-ORD,8:23 PM,9:47 PM
26,UA-3925-IAD-ORF,9:00 AM,9:29 AM
874,AA-3804-PHL-ORD,2:44 PM,3:43 PM
371,AA-1544-SAN-ORD,11:40 AM,4:56 PM
945,AA-4198-ORD-CLE,10:55 AM,12:37 PM
2003,AA-431-MIA-SFO,8:51 AM,11:44 AM
1404,AA-1165-JFK-MIA,7:23 AM,9:45 AM
52,AA-649-ORD-SNA,1:41 PM,3:29 PM
236,AA-518-MIA-JFK,6:54 AM,9:09 AM
529,AA-466-IAH-MIA,5:58 AM,9:05 AM
970,UA-397-JFK-SFO,8:48 AM,11:30 AM
1207,AA-1664-MIA-ATL,10:10 AM,11:56 AM
1372,AA-2312-DFW-DTW,,Not Available
1420,AA-1165-JFK-MIA,6:56 AM,10:04 AM
2378,UA-828-SFO-ORD,,
1955,CO-58-DEN-IAH,11:32 AM,3:31 PM
1267,CO-1694-LAX-IAH,7:15 PM,12:21 AM
466,CO-1614-LAX-IAH,12:41 AM,5:26 AM
2056,AA-85-JFK-SFO,3:36 PM,6:43 PM
460,CO-1614-LAX-IAH,,
2038,CO-1586-IAH-MCO,7:42 PM,10:29 AM
602,AA-789-ORD-DEN,1:20 PM,2:49 PM
950,AA-4198-ORD-CLE,10:54 AM,12:50 PM
1947,CO-63-EWR-IAH,5:38 PM,7:55 PM
2194,AA-3756-ORD-SLC,12:42 PM,2:52 PM
2002,AA-431-MIA-SFO,8:51 AM,11:44 AM
1174,AA-2525-DFW-MIA,7:40 AM,11:06 AM
1486,AA-4330-CVG-ORD,3:36 PM,3:25 PM
31,UA-3925-IAD-ORF,8:42 AM,9:43 AM
195,AA-3842-MSP-ORD,6:56 AM,7:51 AM
724,AA-2050-ORD-MIA,11:05 AM,2:46 PM
419,UA-2945-PHL-CLT,12:07 PM,1:11 PM
534,UA-2906-PHL-MCO,4:44 PM,6:28 PM
2026,CO-1586-IAH-MCO,,
2080,AA-4307-ORD-DTW,6:55 PM,8:53 PM
2107,AA-3979-CVG-ORD,8:04 AM,8:06 AM
28,UA-3925-IAD-ORF,8:51 AM,9:44 AM
1076,AA-271-MIA-LAX,11:52 AM,2:27 PM
325,UA-3050-PHX-CLT,11:45 AM,5:00 PM
1261,CO-1694-LAX-IAH,7:25 PM,12:02 AM
2017,AA-431-MIA-SFO,,
1818,AA-404-MIA-MCO,,7:31 AM
1607,AA-4344-ORD-DTW,11:47 AM,2:10 PM
1316,UA-2726-FLL-PHL,4:10 PM,6:25 PM
1121,CO-47-IAH-LAX,8:25 PM,8:46 PM
1529,AA-400-DFW-JFK,11:01 AM,3:04 PM
332,UA-3050-PHX-CLT,11:30 AM,5:05 PM
1507,AA-1434-DFW-MCO,7:22 AM,10:29 AM
760,CO-62-IAH-EWR,2:48 PM,7:10 PM
758,CO-62-IAH-EWR,2:48 PM,7:10 PM
1908,UA-854-SFO-IAH,8:07 AM,1:23 PM
634,UA-62-IAH-EWR,2:48 PM,7:10 PM
693,UA-248-PHX-ORD,,
1963,CO-58-DEN-IAH,12:37 PM,3:31 PM
2033,CO-1586-IAH-MCO,7:14 PM,10:29 AM
1793,AA-3859-IAH-ORD,7:16 AM,9:22 AM
2004,AA-431-MIA-SFO,8:51 AM,11:44 AM
178,AA-3468-CVG-MIA,7:25 AM,9:45 AM
1409,AA-1165-JFK-MIA,7:22 AM,10:04 AM
516,AA-466-IAH-MIA,6:08 AM,9:05 AM
2058,AA-85-JFK-SFO,3:38 PM,6:43 PM
1385,CO-1088-CLE-IAH,8:40 AM,10:56 AM
1214,CO-16-LAX-EWR,10:20 AM,6:34 PM
203,AA-3842-MSP-ORD,6:56 AM,7:51 AM
2351,UA-938-DEN-ORD,4:37 PM,7:36 PM
2223,AA-616-DFW-DTW,9:59 AM,1:27 PM
1592,AA-4344-ORD-DTW,12:14 PM,1:55 PM
766,AA-59-JFK-SFO,7:40 AM,10:52 AM
890,AA-3804-PHL-ORD,2:44 PM,3:43 PM
1099,UA-414-LAX-SFO,5:56 AM,7:17 AM
1380,CO-1088-CLE-IAH,8:40 AM,10:56 AM
1067,AA-271-MIA-LAX,11:52 AM,2:21 PM
1043,AA-1221-MCO-ORD,8:23 PM,9:47 PM
1838,CO-1193-EWR-MCO,9:58 AM,12:09 PM
924,UA-6273-YYC-SFO,7:41 AM,8:33 AM
2237,AA-1917-JFK-MCO,3:27 PM,5:43 PM
1423,AA-1165-JFK-MIA,,10:08 AM
368,UA-3099-PHX-PHL,11:43 AM,5:38 PM
996,AA-2268-PHX-ORD,7:22 AM,11:06 AM
1224,CO-16-LAX-EWR,10:37 AM,6:13 PM
963,AA-4198-ORD-CLE,,
37,UA-3925-IAD-ORF,9:01 AM,9:43 AM
811,CO-50-CLE-EWR,4:02 PM,5:09 PM
1585,UA-843-LAX-ORD,2:37 PM,7:58 PM
1130,CO-47-IAH-LAX,8:36 PM,9:38 PM
1767,AA-1522-SFO-ORD,12:10 AM,5:42 AM
1895,UA-3515-IAD-MSP,8:12 AM,9:56 AM
1564,AA-643-MIA-ORD,7:31 AM,9:23 AM
288,AA-1640-MIA-MCO,6:47 PM,7:25 PM
1309,UA-2726-FLL-PHL,4:10 PM,6:23 PM
1803,AA-404-MIA-MCO,6:57 AM,7:40 AM
748,CO-62-IAH-EWR,2:48 PM,7:10 PM
554,UA-2906-PHL-MCO,4:46 PM,6:36 PM
2359,UA-938-DEN-ORD,,
2061,AA-85-JFK-SFO,3:38 PM,6:43 PM
433,UA-2945-PHL-CLT,12:08 PM,1:14 PM
2343,UA-938-DEN-ORD,4:37 PM,7:23 PM
1593,AA-4344-ORD-DTW,12:14 PM,1:55 PM
842,AA-2957-DFW-CVG,8:04 AM,10:58 AM
322,UA-37-EDI-EWR,,
1415,AA-1165-JFK-MIA,7:23 AM,10:04 AM
838,AA-3823-LAX-DEN,,
1598,AA-4344-ORD-DTW,12:13 PM,2:10 PM
1115,CO-47-IAH-LAX,,
2071,AA-4307-ORD-DTW,6:56 PM,8:38 PM
559,UA-2830-MCO-CLT,3:50 PM,5:14 PM
78,UA-382-IAD-LAX,12:56 PM,3:12 PM
997,AA-2268-PHX-ORD,7:22 AM,11:06 AM
1388,CO-1088-CLE-IAH,8:40 AM,10:56 AM
1108,UA-414-LAX-SFO,6:09 AM,7:17 AM
1150,UA-3373-IAD-PHL,8:37 AM,9:11 AM
725,AA-2050-ORD-MIA,11:05 AM,2:46 PM
630,UA-62-IAH-EWR,2:48 PM,7:10 PM
2156,AA-4277-CVG-JFK,12:10 PM,1:42 PM
791,CO-50-CLE-EWR,3:31 PM,5:26 PM
1927,UA-854-SFO-IAH,8:07 AM,1:27 PM
2333,CO-1090-BOS-IAH,10:35 AM,1:19 PM
1389,CO-1088-CLE-IAH,8:40 AM,10:56 AM
1447,CO-89-IAH-EWR,6:02 AM,10:27 AM
526,AA-466-IAH-MIA,6:09 AM,8:50 AM
1331,AA-3809-PHX-LAX,6:11 AM,6:15 AM
898,UA-664-ORD-PHL,1:48 PM,4:20 PM
1488,AA-4330-CVG-ORD,3:27 PM,3:33 PM
215,AA-518-MIA-JFK,6:54 AM,9:14 AM
779,AA-59-JFK-SFO,7:40 AM,11:12 AM
2302,AA-1733-ORD-PHX,7:59 PM,
1023,CO-1250-MIA-IAH,3:01 PM,4:59 PM
2372,UA-828-SFO-ORD,,
1785,AA-3859-IAH-ORD,7:16 AM,9:22 AM
2078,AA-4307-ORD-DTW,6:55 PM,8:53 PM
1783,AA-3859-IAH-ORD,7:16 AM,9:22 AM
1443,AA-415-BOS-ORD,,
2146,AA-204-LAX-MCO,,
1881,UA-2314-ATL-PHL,3:04 PM,4:45 PM
2055,AA-85-JFK-SFO,3:36 PM,6:43 PM
955,AA-4198-ORD-CLE,10:55 AM,12:48 PM
1976,AA-3-JFK-LAX,12:12 PM,3:04 PM
2174,AA-4277-CVG-JFK,12:01 PM,1:43 PM
495,AA-1279-DFW-PHX,2:04 PM,3:19 PM
911,UA-664-ORD-PHL,1:47 PM,4:23 PM
1791,AA-3859-IAH-ORD,,
19,UA-2708-EWR-CLT,,
2353,UA-938-DEN-ORD,4:37 PM,7:36 PM
311,UA-37-EDI-EWR,9:05 AM,12:09 PM
655,CO-4888-IAH-DAL,,
1548,AA-643-MIA-ORD,7:31 AM,9:26 AM
2337,CO-1090-BOS-IAH,10:19 AM,1:19 PM
1606,AA-4344-ORD-DTW,11:47 AM,2:10 PM
2430,CO-52-IAH-LAX,,
1992,AA-3-JFK-LAX,12:11 PM,3:16 PM
1971,AA-3-JFK-LAX,12:12 PM,3:04 PM
1011,AA-2268-PHX-ORD,,
847,AA-2957-DFW-CVG,8:04 AM,11:01 AM
2317,AA-1733-ORD-PHX,7:45 PM,
1519,AA-400-DFW-JFK,11:02 AM,2:58 PM
1842,CO-1193-EWR-MCO,9:14 AM,12:09 PM
1784,AA-3859-IAH-ORD,7:16 AM,9:22 AM
1866,UA-2314-ATL-PHL,2:55 PM,4:47 PM
2418,AA-1886-BOS-MIA,10:55 AM,1:40 PM
905,UA-664-ORD-PHL,1:48 PM,4:23 PM
1061,AA-1221-MCO-ORD,8:23 PM,9:49 PM
581,UA-2515-DFW-CLT,7:07 AM,10:47 AM
776,AA-59-JFK-SFO,7:40 AM,11:12 AM
756,CO-62-IAH-EWR,2:59 PM,6:59 PM
1817,AA-404-MIA-MCO,6:58 AM,7:40 AM
893,UA-664-ORD-PHL,1:48 PM,4:20 PM
263,UA-1500-IAH-GUA,9:16 AM,11:45 AM
74,UA-382-IAD-LAX,12:56 PM,3:12 PM
767,AA-59-JFK-SFO,7:40 AM,10:52 AM
511,AA-466-IAH-MIA,6:08 AM,8:50 AM
1053,AA-1221-MCO-ORD,8:23 PM,9:49 PM
1365,AA-2312-DFW-DTW,8:29 PM,11:35 PM
2226,AA-616-DFW-DTW,9:59 AM,1:27 PM
680,UA-248-PHX-ORD,,
1765,AA-1522-SFO-ORD,12:11 AM,5:49 AM
341,UA-3050-PHX-CLT,11:30 AM,5:05 PM
63,AA-649-ORD-SNA,,
586,UA-2515-DFW-CLT,7:31 AM,10:45 AM
975,UA-397-JFK-SFO,8:29 AM,11:58 AM
2159,AA-4277-CVG-JFK,12:10 PM,1:43 PM
270,UA-1500-IAH-GUA,9:43 AM,12:12 PM
95,UA-382-IAD-LAX,12:56 PM,3:21 PM
2368,UA-828-SFO-ORD,11:35 PM,5:21 AM
2010,AA-431-MIA-SFO,8:52 AM,11:44 AM
2207,AA-616-DFW-DTW,10:11 AM,1:11 PM
485,AA-1279-DFW-PHX,2:04 PM,3:13 PM
2044,AA-85-JFK-SFO,3:36 PM,6:43 PM
1218,CO-16-LAX-EWR,10:20 AM,6:34 PM
1741,UA-233-LAX-JFK,,
2357,UA-938-DEN-ORD,,
1542,AA-643-MIA-ORD,7:30 AM,9:31 AM
2295,AA-1733-ORD-PHX,7:58 PM,10:30 PM
2087,AA-4307-ORD-DTW,6:56 PM,8:43 PM
702,UA-248-PHX-ORD,1:43 PM,5:34 PM
396,CO-1023-IAH-DEN,,
2045,AA-85-JFK-SFO,3:38 PM,6:30 PM
102,UA-382-IAD-LAX,12:56 PM,3:11 PM
1413,AA-1165-JFK-MIA,7:22 AM,10:04 AM
2184,AA-3756-ORD-SLC,12:41 PM,2:50 PM
722,AA-2050-ORD-MIA,11:05 AM,2:46 PM
2084,AA-4307-ORD-DTW,6:56 PM,8:43 PM
1829,CO-1193-EWR-MCO,9:57 AM,12:02 PM
308,UA-37-EDI-EWR,8:52 AM,12:09 PM
2394,UA-37-EWR-MCO,1:48 PM,4:17 PM
1219,CO-16-LAX-EWR,10:37 AM,6:34 PM
1362,AA-2312-DFW-DTW,,
181,AA-3468-CVG-MIA,7:04 AM,9:45 AM
1513,AA-1434-DFW-MCO,7:08 AM,10:36 AM
1673,CO-45-EWR-MIA,3:58 PM,6:36 PM
2011,AA-431-MIA-SFO,8:52 AM,11:44 AM
915,UA-664-ORD-PHL,,
2179,AA-3756-ORD-SLC,12:42 PM,2:50 PM
1302,CO-1561-PHX-IAH,8:18 AM,11:26 AM
2132,AA-204-LAX-MCO,11:57 PM,6:55 AM
15,UA-2708-EWR-CLT,3:04 PM,4:24 PM
1909,UA-854-SFO-IAH,8:07 AM,1:23 PM
716,AA-2050-ORD-MIA,11:06 AM,2:39 PM
2081,AA-4307-ORD-DTW,6:55 PM,8:53 PM
250,AA-1007-MIA-PHX,5:09 PM,7:53 PM
2338,CO-1090-BOS-IAH,,
784,AA-59-JFK-SFO,7:40 AM,10:49 AM
2428,CO-52-IAH-LAX,,
1579,UA-843-LAX-ORD,2:38 PM,7:58 PM
305,UA-37-EDI-EWR,,
1528,AA-400-DFW-JFK,11:01 AM,3:04 PM
2068,AA-85-JFK-SFO,3:36 PM,6:30 PM
1731,UA-233-LAX-JFK,,
1720,UA-233-LAX-JFK,4:28 PM,12:01 AM
1958,CO-58-DEN-IAH,11:32 AM,3:31 PM
812,AA-3823-LAX-DEN,,
2413,AA-1886-BOS-MIA,10:55 AM,1:40 PM
507,AA-466-IAH-MIA,6:09 AM,8:50 AM
1925,UA-854-SFO-IAH,8:07 AM,1:23 PM
344,UA-3050-PHX-CLT,,
1146,UA-3373-IAD-PHL,8:37 AM,9:13 AM
1657,AA-446-DFW-PHL,12:13 PM,4:09 PM
123,AA-3063-SLC-LAX,8:39 PM,9:19 PM
107,UA-382-IAD-LAX,12:35 PM,
626,UA-62-IAH-EWR,,
1535,AA-400-DFW-JFK,11:02 AM,3:04 PM
2376,UA-828-SFO-ORD,,
1417,AA-1165-JFK-MIA,7:23 AM,10:04 AM
1156,UA-3373-IAD-PHL,,
1425,AA-415-BOS-ORD,8:56 AM,10:16 AM
765,AA-59-JFK-SFO,7:40 AM,10:52 AM
1982,AA-3-JFK-LAX,12:11 PM,3:16 PM
1162,AA-2525-DFW-MIA,7:39 AM,10:43 AM
877,AA-3804-PHL-ORD,2:44 PM,3:43 PM
169,AA-3468-CVG-MIA,7:25 AM,9:45 AM
221,AA-518-MIA-JFK,6:54 AM,9:28 AM
2066,AA-85-JFK-SFO,,
1479,AA-4330-CVG-ORD,3:36 PM,3:33 PM
2082,AA-4307-ORD-DTW,6:55 PM,8:53 PM
1627,UA-257-JFK-SFO,2:43 PM,5:42 PM
2217,AA-616-DFW-DTW,10:11 AM,1:18 PM
983,UA-397-JFK-SFO,8:49 AM,11:35 AM
2198,AA-3756-ORD-SLC,,
295,AA-1640-MIA-MCO,,
1245,AA-484-DFW-MIA,4:30 PM,7:39 PM
1502,AA-1434-DFW-MCO,7:21 AM,10:36 AM
714,AA-2050-ORD-MIA,11:06 AM,2:39 PM
209,AA-3842-MSP-ORD,,
2274,AA-1733-ORD-PHX,7:58 PM,
801,CO-50-CLE-EWR,4:02 PM,5:26 PM
672,CO-4888-IAH-DAL,,
182,AA-3468-CVG-MIA,,
1352,AA-3809-PHX-LAX,6:10 AM,6:19 AM
473,CO-1614-LAX-IAH,12:58 AM,5:23 AM
1666,CO-45-EWR-MIA,,
1926,UA-854-SFO-IAH,8:07 AM,1:30 PM
1518,AA-400-DFW-JFK,11:01 AM,3:04 PM
1078,AA-271-MIA-LAX,11:52 AM,2:27 PM
1307,UA-2726-FLL-PHL,4:10 PM,6:25 PM
523,AA-466-IAH-MIA,6:09 AM,9:00 AM
2437,CO-52-IAH-LAX,7:29 AM,9:14 AM
1453,CO-89-IAH-EWR,6:02 AM,10:27 AM
958,AA-4198-ORD-CLE,10:55 AM,12:48 PM
2419,AA-1886-BOS-MIA,10:55 AM,1:40 PM
2405,UA-37-EWR-MCO,1:48 PM,4:17 PM
1406,AA-1165-JFK-MIA,7:22 AM,9:45 AM
521,AA-466-IAH-MIA,6:09 AM,9:05 AM
199,AA-3842-MSP-ORD,6:56 AM,7:51 AM
1320,UA-2726-FLL-PHL,4:10 PM,6:25 PM
596,UA-2515-DFW-CLT,7:31 AM,10:45 AM
285,AA-1640-MIA-MCO,,
1954,CO-58-DEN-IAH,11:32 AM,3:31 PM
1119,CO-47-IAH-LAX,7:27 PM,8:46 PM
804,CO-50-CLE-EWR,4:02 PM,5:26 PM
584,UA-2515-DFW-CLT,7:07 AM,10:47 AM
1418,AA-1165-JFK-MIA,7:23 AM,10:04 AM
1190,AA-1664-MIA-ATL,10:19 AM,11:50 AM
968,UA-397-JFK-SFO,8:48 AM,11:30 AM
482,AA-1279-DFW-PHX,2:03 PM,3:13 PM
1349,AA-3809-PHX-LAX,6:10 AM,6:19 AM
1303,UA-2726-FLL-PHL,4:00 PM,6:28 PM
1192,AA-1664-MIA-ATL,10:18 AM,11:56 AM
470,CO-1614-LAX-IAH,12:58 AM,5:26 AM
652,CO-4888-IAH-DAL,6:11 PM,6:56 PM
777,AA-59-JFK-SFO,7:40 AM,11:12 AM
953,AA-4198-ORD-CLE,10:54 AM,12:50 PM
185,AA-3468-CVG-MIA,7:04 AM,9:45 AM
1759,AA-1522-SFO-ORD,,
1478,AA-4330-CVG-ORD,3:36 PM,3:33 PM
504,AA-466-IAH-MIA,6:08 AM,9:05 AM
1148,UA-3373-IAD-PHL,8:37 AM,9:13 AM
94,UA-382-IAD-LAX,12:56 PM,3:11 PM
2271,UA-2704-DTW-PHX,,
682,UA-248-PHX-ORD,1:43 PM,5:24 PM
220,AA-518-MIA-JFK,6:54 AM,9:14 AM
2354,UA-938-DEN-ORD,4:37 PM,7:36 PM
1241,AA-484-DFW-MIA,4:29 PM,7:39 PM
131,AA-3063-SLC-LAX,8:30 PM,
2154,AA-4277-CVG-JFK,12:11 PM,1:42 PM
824,AA-3823-LAX-DEN,9:06 PM,11:49 PM
1327,AA-3809-PHX-LAX,6:11 AM,6:13 AM
115,AA-3063-SLC-LAX,8:40 PM,9:12 PM
1847,CO-1193-EWR-MCO,,
887,AA-3804-PHL-ORD,,
96,UA-382-IAD-LAX,12:56 PM,3:11 PM
81,UA-382-IAD-LAX,12:56 PM,3:09 PM
932,UA-6273-YYC-SFO,7:41 AM,8:45 AM
1845,CO-1193-EWR-MCO,,
55,AA-649-ORD-SNA,1:40 PM,3:40 PM
2134,AA-204-LAX-MCO,,
1474,AA-4330-CVG-ORD,3:36 PM,3:26 PM
1619,UA-257-JFK-SFO,2:42 PM,5:27 PM
1872,UA-2314-ATL-PHL,2:46 PM,4:47 PM
839,AA-2957-DFW-CVG,8:04 AM,11:01 AM
790,AA-59-JFK-SFO,7:40 AM,11:00 AM
2379,UA-828-SFO-ORD,,
1471,AA-4330-CVG-ORD,,
124,AA-3063-SLC-LAX,8:40 PM,9:11 PM
1009,AA-2268-PHX-ORD,7:10 AM,11:06 AM
2279,AA-1733-ORD-PHX,7:59 PM,10:31 PM
1238,AA-484-DFW-MIA,4:29 PM,7:39 PM
2340,UA-938-DEN-ORD,4:35 PM,7:23 PM
1089,UA-414-LAX-SFO,5:56 AM,7:17 AM
40,UA-3925-IAD-ORF,9:00 AM,9:43 AM
544,UA-2906-PHL-MCO,4:46 PM,6:35 PM
1233,AA-484-DFW-MIA,4:29 PM,7:37 PM
424,UA-2945-PHL-CLT,11:51 AM,1:15 PM
772,AA-59-JFK-SFO,7:39 AM,11:12 AM
2209,AA-616-DFW-DTW,10:10 AM,1:11 PM
721,AA-2050-ORD-MIA,11:05 AM,2:46 PM
193,AA-3842-MSP-ORD,6:56 AM,7:49 AM
1407,AA-1165-JFK-MIA,7:22 AM,9:45 AM
475,CO-1614-LAX-IAH,,
204,AA-3842-MSP-ORD,6:56 AM,7:51 AM
25,UA-3925-IAD-ORF,9:00 AM,9:29 AM
8,UA-2708-EWR-CLT,2:52 PM,4:44 PM
644,UA-62-IAH-EWR,2:48 PM,7:10 PM
61,AA-649-ORD-SNA,,
1672,CO-45-EWR-MIA,3:58 PM,6:36 PM
476,CO-1614-LAX-IAH,12:41 AM,5:26 AM
1031,CO-1250-MIA-IAH,3:01 PM,4:59 PM
1586,UA-843-LAX-ORD,,
265,UA-1500-IAH-GUA,9:16 AM,11:45 AM
1999,AA-431-MIA-SFO,8:52 AM,11:33 AM
118,AA-3063-SLC-LAX,8:40 PM,9:11 PM
1082,AA-271-MIA-LAX,11:52 AM,2:27 PM
2276,AA-1733-ORD-PHX,7:59 PM,10:30 PM
1126,CO-47-IAH-LAX,8:36 PM,9:38 PM
452,UA-5487-SFO-MRY,10:53 AM,11:21 AM
2221,AA-616-DFW-DTW,10:11 AM,1:18 PM
1945,CO-63-EWR-IAH,5:38 PM,7:55 PM
1883,UA-2314-ATL-PHL,2:46 PM,4:47 PM
807,CO-50-CLE-EWR,3:31 PM,5:26 PM
698,UA-248-PHX-ORD,1:43 PM,5:34 PM
1974,AA-3-JFK-LAX,12:12 PM,3:04 PM
1710,AA-3786-IAH-ORD,4:12 PM,6:15 PM
1105,UA-414-LAX-SFO,6:10 AM,7:10 AM
1972,AA-3-JFK-LAX,12:12 PM,3:04 PM
213,AA-3842-MSP-ORD,6:56 AM,7:49 AM
1545,AA-643-MIA-ORD,7:31 AM,9:26 AM
385,AA-1544-SAN-ORD,11:41 AM,4:52 PM
1993,AA-3-JFK-LAX,12:12 PM,3:10 PM
109,UA-382-IAD-LAX,12:56 PM,3:20 PM
172,AA-3468-CVG-MIA,7:25 AM,9:45 AM
542,UA-2906-PHL-MCO,4:28 PM,6:38 PM
360,UA-3099-PHX-PHL,11:43 AM,5:38 PM
177,AA-3468-CVG-MIA,7:25 AM,9:45 AM
352,UA-3099-PHX-PHL,11:55 AM,5:34 PM
1901,UA-3515-IAD-MSP,8:26 AM,9:56 AM
1109,UA-414-LAX-SFO,,
2060,AA-85-JFK-SFO,3:38 PM,6:43 PM
761,CO-62-IAH-EWR,,
1448,CO-89-IAH-EWR,,
491,AA-1279-DFW-PHX,2:04 PM,3:20 PM
1070,AA-271-MIA-LAX,11:52 AM,2:21 PM
1184,AA-1664-MIA-ATL,10:19 AM,11:50 AM
267,UA-1500-IAH-GUA,9:43 AM,12:12 PM
321,UA-37-EDI-EWR,8:52 AM,12:09 PM
2236,AA-1917-JFK-MCO,3:27 PM,5:43 PM
593,UA-2515-DFW-CLT,7:07 AM,10:47 AM
624,AA-789-ORD-DEN,1:19 PM,2:49 PM
855,AA-2957-DFW-CVG,8:05 AM,11:00 AM
82,UA-382-IAD-LAX,12:56 PM,3:15 PM
1416,AA-1165-JFK-MIA,7:23 AM,10:04 AM
269,UA-1500-IAH-GUA,9:43 AM,12:12 PM
1743,AA-1522-SFO-ORD,,
1608,AA-4344-ORD-DTW,,
900,UA-664-ORD-PHL,1:31 PM,4:23 PM
1648,AA-446-DFW-PHL,12:12 PM,4:09 PM
268,UA-1500-IAH-GUA,9:43 AM,12:12 PM
98,UA-382-IAD-LAX,12:56 PM,3:11 PM
2264,UA-2704-DTW-PHX,11:47 AM,2:02 PM
143,AA-222-LAX-BOS,7:32 AM,3:12 PM
1274,CO-1694-LAX-IAH,,
943,AA-4198-ORD-CLE,10:55 AM,12:37 PM
531,UA-2906-PHL-MCO,4:28 PM,6:38 PM
379,AA-1544-SAN-ORD,11:40 AM,4:56 PM
1631,UA-257-JFK-SFO,2:43 PM,5:28 PM
1962,CO-58-DEN-IAH,12:37 PM,3:31 PM
62,AA-649-ORD-SNA,,
2416,AA-1886-BOS-MIA,10:55 AM,1:40 PM
1703,AA-3786-IAH-ORD,4:12 PM,6:09 PM
1562,AA-643-MIA-ORD,7:10 AM,9:31 AM
782,AA-59-JFK-SFO,7:14 AM,11:12 AM
2088,AA-4307-ORD-DTW,6:56 PM,8:43 PM
1848,UA-858-PVG-SFO,1:32 PM,8:02 AM
862,AA-2957-DFW-CVG,,
1096,UA-414-LAX-SFO,5:56 AM,7:17 AM
1812,AA-404-MIA-MCO,6:58 AM,7:32 AM
627,UA-62-IAH-EWR,,
23,UA-3925-IAD-ORF,9:00 AM,9:29 AM
629,UA-62-IAH-EWR,,
1194,AA-1664-MIA-ATL,10:18 AM,11:56 AM
1612,UA-257-JFK-SFO,2:26 PM,5:42 PM
1578,UA-843-LAX-ORD,2:38 PM,7:58 PM
1719,UA-233-LAX-JFK,4:28 PM,12:01 AM
2182,AA-3756-ORD-SLC,12:42 PM,2:40 PM
774,AA-59-JFK-SFO,7:39 AM,11:12 AM
2342,UA-938-DEN-ORD,4:37 PM,7:23 PM
384,AA-1544-SAN-ORD,11:41 AM,4:56 PM
349,UA-3099-PHX-PHL,11:55 AM,5:34 PM
2027,CO-1586-IAH-MCO,7:42 PM,10:24 PM
1734,UA-233-LAX-JFK,,
2119,AA-3979-CVG-ORD,7:28 AM,8:06 AM
351,UA-3099-PHX-PHL,11:55 AM,5:34 PM
658,CO-4888-IAH-DAL,,
1516,AA-1434-DFW-MCO,7:21 AM,10:36 AM
2328,CO-1090-BOS-IAH,10:35 AM,1:19 PM
1254,AA-484-DFW-MIA,,7:39 PM
1419,AA-1165-JFK-MIA,7:23 AM,9:58 AM
1093,UA-414-LAX-SFO,6:10 AM,7:04 AM
1094,UA-414-LAX-SFO,6:10 AM,7:04 AM
1301,CO-1561-PHX-IAH,,
1481,AA-4330-CVG-ORD,3:36 PM,3:33 PM
435,UA-2945-PHL-CLT,11:51 AM,1:15 PM
1403,AA-1165-JFK-MIA,7:23 AM,9:45 AM
1712,AA-3786-IAH-ORD,3:52 PM,6:15 PM
688,UA-248-PHX-ORD,1:43 PM,5:24 PM
1477,AA-4330-CVG-ORD,3:36 PM,3:33 PM
217,AA-518-MIA-JFK,6:54 AM,9:14 AM
4,UA-2708-EWR-CLT,3:04 PM,4:22 PM
1268,CO-1694-LAX-IAH,7:15 PM,12:21 AM
388,AA-1544-SAN-ORD,,
2109,AA-3979-CVG-ORD,8:04 AM,8:06 AM
2074,AA-4307-ORD-DTW,6:56 PM,8:38 PM
459,CO-1614-LAX-IAH,,
1967,CO-58-DEN-IAH,,
865,AA-3804-PHL-ORD,2:44 PM,3:36 PM
2052,AA-85-JFK-SFO,3:36 PM,6:43 PM
264,UA-1500-IAH-GUA,9:16 AM,11:45 AM
1520,AA-400-DFW-JFK,11:02 AM,2:58 PM
1576,UA-843-LAX-ORD,2:10 PM,7:58 PM
1286,CO-1561-PHX-IAH,,
764,AA-59-JFK-SFO,7:40 AM,10:52 AM
2273,UA-2704-DTW-PHX,11:47 AM,2:02 PM
24,UA-3925-IAD-ORF,9:01 AM,9:29 AM
1260,CO-1694-LAX-IAH,,
1458,CO-89-IAH-EWR,6:17 AM,10:27 AM
753,CO-62-IAH-EWR,2:59 PM,7:10 PM
201,AA-3842-MSP-ORD,6:56 AM,7:51 AM
202,AA-3842-MSP-ORD,6:56 AM,7:51 AM
1282,CO-1561-PHX-IAH,8:00 PM,11:32 AM
2299,AA-1733-ORD-PHX,7:59 PM,
1039,AA-1221-MCO-ORD,8:23 PM,9:47 PM
1870,UA-2314-ATL-PHL,3:04 PM,4:43 PM
1501,AA-1434-DFW-MCO,7:21 AM,10:36 AM
1678,CO-45-EWR-MIA,4:15 PM,6:36 PM
2433,CO-52-IAH-LAX,7:29 AM,9:14 AM
564,UA-2830-MCO-CLT,3:28 PM,5:17 PM
883,AA-3804-PHL-ORD,2:44 PM,3:36 PM
700,UA-248-PHX-ORD,1:43 PM,5:34 PM
2324,CO-1090-BOS-IAH,10:19 AM,1:19 PM
2398,UA-37-EWR-MCO,1:48 PM,4:17 PM
472,CO-1614-LAX-IAH,12:58 AM,5:26 AM
33,UA-3925-IAD-ORF,8:42 AM,9:43 AM
272,UA-1500-IAH-GUA,9:16 AM,
1594,AA-4344-ORD-DTW,12:14 PM,1:55 PM
904,UA-664-ORD-PHL,1:31 PM,4:23 PM
1679,CO-45-EWR-MIA,4:15 PM,6:36 PM
1681,CO-45-EWR-MIA,4:15 PM,6:36 PM
821,AA-3823-LAX-DEN,,
471,CO-1614-LAX-IAH,12:58 AM,5:26 AM
1918,UA-854-SFO-IAH,8:07 AM,1:30 PM
1026,CO-1250-MIA-IAH,3:17 PM,4:59 PM
1193,AA-1664-MIA-ATL,10:18 AM,11:56 AM
592,UA-2515-DFW-CLT,Dec 01 - Contact Airline,Dec 01 - Contact Airline
7,UA-2708-EWR-CLT,2:52 PM,4:44 PM
901,UA-664-ORD-PHL,1:31 PM,4:23 PM
2388,UA-37-EWR-MCO,,
1748,AA-1522-SFO-ORD,12:11 AM,5:52 AM
2312,AA-1733-ORD-PHX,7:45 PM,
826,AA-3823-LAX-DEN,9:06 PM,11:49 PM
2,UA-2708-EWR-CLT,3:04 PM,4:22 PM
1840,CO-1193-EWR-MCO,9:58 AM,12:09 PM
1789,AA-3859-IAH-ORD,7:02 AM,9:32 AM
941,AA-4198-ORD-CLE,10:54 AM,12:50 PM
1900,UA-3515-IAD-MSP,8:26 AM,9:56 AM
312,UA-37-EDI-EWR,9:05 AM,12:09 PM
235,AA-518-MIA-JFK,6:54 AM,9:09 AM
1802,AA-404-MIA-MCO,6:57 AM,7:35 AM
101,UA-382-IAD-LAX,12:56 PM,3:21 PM
2441,CO-52-IAH-LAX,7:56 AM,9:09 AM
1199,AA-1664-MIA-ATL,10:19 AM,11:50 AM
319,UA-37-EDI-EWR,,
197,AA-3842-MSP-ORD,6:56 AM,7:51 AM
793,CO-50-CLE-EWR,,
1597,AA-4344-ORD-DTW,12:13 PM,2:10 PM
942,AA-4198-ORD-CLE,10:55 AM,12:37 PM
1699,AA-3786-IAH-ORD,4:12 PM,6:15 PM
2151,AA-4277-CVG-JFK,12:11 PM,1:42 PM
1575,UA-843-LAX-ORD,2:10 PM,7:58 PM
2389,UA-37-EWR-MCO,,
622,AA-789-ORD-DEN,1:19 PM,3:13 PM
1624,UA-257-JFK-SFO,2:26 PM,5:42 PM
2180,AA-3756-ORD-SLC,12:42 PM,2:50 PM
1953,CO-58-DEN-IAH,,
701,UA-248-PHX-ORD,,
1217,CO-16-LAX-EWR,10:20 AM,6:34 PM
411,CO-1023-IAH-DEN,12:06 PM,1:12 PM
465,CO-1614-LAX-IAH,12:41 AM,5:26 AM
1935,CO-63-EWR-IAH,5:22 PM,8:03 PM
636,UA-62-IAH-EWR,2:59 PM,7:10 PM
2169,AA-4277-CVG-JFK,12:11 PM,1:40 PM
2263,UA-2704-DTW-PHX,11:47 AM,2:02 PM
1354,AA-2312-DFW-DTW,,
2285,AA-1733-ORD-PHX,7:59 PM,10:31 PM
86,UA-382-IAD-LAX,12:35 PM,3:19 PM
1,UA-2708-EWR-CLT,2:55 PM,4:44 PM
1010,AA-2268-PHX-ORD,7:23 AM,11:04 AM
372,AA-1544-SAN-ORD,11:41 AM,4:54 PM
1510,AA-1434-DFW-MCO,7:22 AM,10:29 AM
17,UA-2708-EWR-CLT,,Dec 01 - Contact Airline
1054,AA-1221-MCO-ORD,8:23 PM,9:49 PM
1071,AA-271-MIA-LAX,11:52 AM,2:21 PM
2166,AA-4277-CVG-JFK,12:11 PM,1:43 PM
573,UA-2830-MCO-CLT,3:28 PM,5:17 PM
130,AA-3063-SLC-LAX,8:30 PM,9:19 PM
614,AA-789-ORD-DEN,1:20 PM,3:01 PM
1465,CO-89-IAH-EWR,,
2330,CO-1090-BOS-IAH,10:35 AM,1:19 PM
1885,UA-2314-ATL-PHL,2:46 PM,4:47 PM
2143,AA-204-LAX-MCO,,
1493,AA-1434-DFW-MCO,7:22 AM,10:34 AM
2363,UA-828-SFO-ORD,11:34 PM,5:24 AM
2256,UA-2704-DTW-PHX,11:47 AM,1:52 PM
628,UA-62-IAH-EWR,,
196,AA-3842-MSP-ORD,6:56 AM,7:51 AM
186,AA-3468-CVG-MIA,,
1357,AA-2312-DFW-DTW,8:29 PM,11:35 PM
1104,UA-414-LAX-SFO,6:10 AM,7:17 AM
2092,AA-4307-ORD-DTW,,
2385,UA-828-SFO-ORD,,
802,CO-50-CLE-EWR,4:02 PM,5:26 PM
1897,UA-3515-IAD-MSP,8:26 AM,9:56 AM
206,AA-3842-MSP-ORD,6:56 AM,7:51 AM
401,CO-1023-IAH-DEN,11:56 AM,1:14 PM
92,UA-382-IAD-LAX,12:35 PM,3:21 PM
1317,UA-2726-FLL-PHL,4:10 PM,6:25 PM
1630,UA-257-JFK-SFO,2:43 PM,5:42 PM
1175,AA-2525-DFW-MIA,7:40 AM,11:06 AM
1485,AA-4330-CVG-ORD,3:36 PM,3:25 PM
83,UA-382-IAD-LAX,12:56 PM,3:07 PM
1112,UA-414-LAX-SFO,,
2239,AA-1917-JFK-MCO,3:27 PM,5:43 PM
1166,AA-2525-DFW-MIA,7:39 AM,11:06 AM
1628,UA-257-JFK-SFO,2:43 PM,5:42 PM
273,UA-1500-IAH-GUA,9:43 AM,12:10 PM
340,UA-3050-PHX-CLT,11:30 AM,5:05 PM
1587,UA-843-LAX-ORD,,
2250,AA-1917-JFK-MCO,,5:40 PM
1946,CO-63-EWR-IAH,5:22 PM,8:03 PM
1064,AA-271-MIA-LAX,11:52 AM,2:27 PM
97,UA-382-IAD-LAX,12:56 PM,3:21 PM
1756,AA-1522-SFO-ORD,,
85,UA-382-IAD-LAX,12:56 PM,3:07 PM
818,AA-3823-LAX-DEN,9:06 PM,11:49 PM
1255,AA-484-DFW-MIA,,
1571,UA-843-LAX-ORD,2:04 PM,7:20 PM
1737,UA-233-LAX-JFK,,
703,UA-248-PHX-ORD,,
1539,AA-400-DFW-JFK,,
2387,UA-37-EWR-MCO,1:59 PM,4:05 PM
885,AA-3804-PHL-ORD,2:32 PM,3:43 PM
2415,AA-1886-BOS-MIA,10:55 AM,1:40 PM
1977,AA-3-JFK-LAX,12:11 PM,3:16 PM
620,AA-789-ORD-DEN,,
1508,AA-1434-DFW-MCO,7:22 AM,10:29 AM
1835,CO-1193-EWR-MCO,9:14 AM,12:09 PM
1944,CO-63-EWR-IAH,5:38 PM,8:03 PM
639,UA-62-IAH-EWR,2:59 PM,7:10 PM
852,AA-2957-DFW-CVG,8:04 AM,11:01 AM
1386,CO-1088-CLE-IAH,8:40 AM,10:56 AM
979,UA-397-JFK-SFO,8:49 AM,11:58 AM
141,AA-222-LAX-BOS,7:32 AM,3:12 PM
1616,UA-257-JFK-SFO,2:43 PM,5:22 PM
1337,AA-3809-PHX-LAX,6:10 AM,6:19 AM
49,AA-649-ORD-SNA,,
1052,AA-1221-MCO-ORD,8:23 PM,9:49 PM
951,AA-4198-ORD-CLE,10:54 AM,12:50 PM
1964,CO-58-DEN-IAH,12:37 PM,3:25 PM
2213,AA-616-DFW-DTW,10:10 AM,1:27 PM
1392,CO-1088-CLE-IAH,9:01 AM,10:56 AM
2077,AA-4307-ORD-DTW,6:56 PM,8:38 PM
960,AA-4198-ORD-CLE,10:55 AM,12:48 PM
2367,UA-828-SFO-ORD,,
13,UA-2708-EWR-CLT,3:04 PM,4:24 PM
1834,CO-1193-EWR-MCO,9:14 AM,12:09 PM
1035,CO-1250-MIA-IAH,3:01 PM,4:59 PM
986,UA-397-JFK-SFO,8:49 AM,11:34 AM
1921,UA-854-SFO-IAH,8:07 AM,1:30 PM
174,AA-3468-CVG-MIA,7:25 AM,9:45 AM
1782,AA-3859-IAH-ORD,7:16 AM,9:22 AM
1374,AA-2312-DFW-DTW,,
2265,UA-2704-DTW-PHX,11:47 AM,2:02 PM
2118,AA-3979-CVG-ORD,7:28 AM,8:06 AM
1048,AA-1221-MCO-ORD,8:23 PM,9:53 PM
330,UA-3050-PHX-CLT,11:30 AM,5:05 PM
607,AA-789-ORD-DEN,1:19 PM,3:13 PM
387,AA-1544-SAN-ORD,11:20 AM,4:56 PM
562,UA-2830-MCO-CLT,3:28 PM,5:17 PM
303,UA-37-EDI-EWR,8:52 AM,12:09 PM
2349,UA-938-DEN-ORD,4:15 PM,7:36 PM
1531,AA-400-DFW-JFK,11:02 AM,3:04 PM
347,UA-3050-PHX-CLT,11:45 AM,4:57 PM
356,UA-3099-PHX-PHL,11:43 AM,5:38 PM
1463,CO-89-IAH-EWR,6:02 AM,10:27 AM
1820,AA-404-MIA-MCO,6:41 AM,7:40 AM
1704,AA-3786-IAH-ORD,4:12 PM,6:09 PM
797,CO-50-CLE-EWR,3:31 PM,5:26 PM
2410,AA-1886-BOS-MIA,10:54 AM,1:36 PM
1348,AA-3809-PHX-LAX,,
218,AA-518-MIA-JFK,6:54 AM,9:14 AM
604,AA-789-ORD-DEN,1:19 PM,2:49 PM
884,AA-3804-PHL-ORD,2:32 PM,3:43 PM
454,UA-5487-SFO-MRY,,
1912,UA-854-SFO-IAH,7:49 AM,1:30 PM
1229,CO-16-LAX-EWR,,
530,AA-466-IAH-MIA,6:09 AM,9:00 AM
328,UA-3050-PHX-CLT,11:45 AM,4:57 PM
1960,CO-58-DEN-IAH,12:37 PM,3:31 PM
1841,CO-1193-EWR-MCO,9:58 AM,12:03 PM
1800,AA-404-MIA-MCO,6:58 AM,7:37 AM
2435,CO-52-IAH-LAX,7:29 AM,9:14 AM
1376,AA-2312-DFW-DTW,,
939,UA-6273-YYC-SFO,7:41 AM,8:45 AM
895,UA-664-ORD-PHL,1:48 PM,4:20 PM
2248,AA-1917-JFK-MCO,3:00 PM,5:43 PM
1248,AA-484-DFW-MIA,4:30 PM,7:39 PM
798,CO-50-CLE-EWR,3:31 PM,5:26 PM
1830,CO-1193-EWR-MCO,9:14 AM,12:09 PM
1822,CO-1193-EWR-MCO,9:14 AM,12:09 PM
2231,AA-1917-JFK-MCO,3:28 PM,5:39 PM
1567,AA-643-MIA-ORD,7:31 AM,9:26 AM
934,UA-6273-YYC-SFO,7:41 AM,8:41 AM
1936,CO-63-EWR-IAH,5:22 PM,8:03 PM
2234,AA-1917-JFK-MCO,3:27 PM,5:39 PM
1157,AA-2525-DFW-MIA,7:39 AM,11:06 AM
1259,CO-1694-LAX-IAH,,
297,AA-1640-MIA-MCO,6:56 PM,7:35 PM
374,AA-1544-SAN-ORD,11:41 AM,4:54 PM
1005,AA-2268-PHX-ORD,7:23 AM,11:07 AM
561,UA-2830-MCO-CLT,3:28 PM,5:17 PM
608,AA-789-ORD-DEN,1:19 PM,3:13 PM
1428,AA-415-BOS-ORD,8:55 AM,10:12 AM
467,CO-1614-LAX-IAH,12:41 AM,5:26 AM
1475,AA-4330-CVG-ORD,3:36 PM,3:26 PM
2165,AA-4277-CVG-JFK,12:11 PM,1:43 PM
2197,AA-3756-ORD-SLC,12:10 PM,2:50 PM
1772,AA-3859-IAH-ORD,7:16 AM,9:22 AM
1581,UA-843-LAX-ORD,2:38 PM,7:58 PM
1983,AA-3-JFK-LAX,12:12 PM,3:16 PM
1271,CO-1694-LAX-IAH,,
1136,UA-3373-IAD-PHL,8:37 AM,9:13 AM
2086,AA-4307-ORD-DTW,6:56 PM,8:43 PM
1391,CO-1088-CLE-IAH,9:01 AM,10:56 AM
1258,CO-1694-LAX-IAH,,
2072,AA-4307-ORD-DTW,6:56 PM,8:38 PM
1334,AA-3809-PHX-LAX,6:10 AM,6:19 AM
541,UA-2906-PHL-MCO,4:28 PM,6:38 PM
1402,AA-1165-JFK-MIA,7:23 AM,9:45 AM
1572,UA-843-LAX-ORD,2:04 PM,7:20 PM
2406,UA-37-EWR-MCO,1:48 PM,4:17 PM
208,AA-3842-MSP-ORD,5:59 AM,7:51 AM
144,AA-222-LAX-BOS,7:31 AM,3:14 PM
1106,UA-414-LAX-SFO,6:09 AM,7:17 AM
1956,CO-58-DEN-IAH,11:32 AM,3:31 PM
570,UA-2830-MCO-CLT,3:50 PM,5:17 PM
2289,AA-1733-ORD-PHX,7:59 PM,10:28 PM
122,AA-3063-SLC-LAX,8:39 PM,9:19 PM
1051,AA-1221-MCO-ORD,8:23 PM,9:49 PM
501,AA-1279-DFW-PHX,2:04 PM,3:13 PM
755,CO-62-IAH-EWR,2:59 PM,7:10 PM
397,CO-1023-IAH-DEN,,
1796,AA-404-MIA-MCO,6:58 AM,7:37 AM
1541,AA-400-DFW-JFK,11:02 AM,2:52 PM
590,UA-2515-DFW-CLT,7:31 AM,10:45 AM
2402,UA-37-EWR-MCO,2:01 PM,4:17 PM
1524,AA-400-DFW-JFK,11:01 AM,2:58 PM
796,CO-50-CLE-EWR,3:31 PM,5:26 PM
648,CO-4888-IAH-DAL,5:38 PM,6:19 PM
1460,CO-89-IAH-EWR,6:17 AM,10:27 AM
1243,AA-484-DFW-MIA,4:29 PM,7:39 PM
1831,CO-1193-EWR-MCO,9:14 AM,12:09 PM
1321,UA-2726-FLL-PHL,4:10 PM,6:25 PM
1692,AA-3786-IAH-ORD,4:12 PM,6:11 PM
973,UA-397-JFK-SFO,8:29 AM,11:58 AM
913,UA-664-ORD-PHL,,
461,CO-1614-LAX-IAH,,
1786,AA-3859-IAH-ORD,7:16 AM,9:22 AM
1252,AA-484-DFW-MIA,,
1940,CO-63-EWR-IAH,5:38 PM,8:03 PM
1027,CO-1250-MIA-IAH,3:17 PM,4:59 PM
1470,AA-4330-CVG-ORD,,
549,UA-2906-PHL-MCO,4:46 PM,6:35 PM
2014,AA-431-MIA-SFO,8:31 AM,11:44 AM
499,AA-1279-DFW-PHX,1:48 PM,3:30 PM
921,UA-6273-YYC-SFO,7:41 AM,8:33 AM
1306,UA-2726-FLL-PHL,4:10 PM,6:25 PM
422,UA-2945-PHL-CLT,11:51 AM,1:15 PM
1996,AA-431-MIA-SFO,8:52 AM,11:33 AM
157,AA-222-LAX-BOS,7:05 AM,3:14 PM
1898,UA-3515-IAD-MSP,8:26 AM,9:56 AM
520,AA-466-IAH-MIA,6:09 AM,9:05 AM
152,AA-222-LAX-BOS,7:32 AM,3:14 PM
587,UA-2515-DFW-CLT,7:31 AM,10:45 AM
260,UA-1500-IAH-GUA,,
1495,AA-1434-DFW-MCO,7:22 AM,10:34 AM
1685,CO-45-EWR-MIA,3:58 PM,6:36 PM
1400,AA-1165-JFK-MIA,7:22 AM,10:04 AM
1623,UA-257-JFK-SFO,2:26 PM,5:42 PM
1858,UA-858-PVG-SFO,1:45 PM,8:02 AM
1439,AA-415-BOS-ORD,8:56 AM,10:10 AM
292,AA-1640-MIA-MCO,,
928,UA-6273-YYC-SFO,7:27 AM,8:45 AM
1074,AA-271-MIA-LAX,11:52 AM,2:27 PM
1913,UA-854-SFO-IAH,7:49 AM,1:30 PM
2035,CO-1586-IAH-MCO,7:42 PM,10:29 AM
1752,AA-1522-SFO-ORD,,
2101,AA-3979-CVG-ORD,8:04 AM,7:59 AM
1340,AA-3809-PHX-LAX,6:11 AM,6:19 AM
489,AA-1279-DFW-PHX,2:04 PM,3:20 PM
120,AA-3063-SLC-LAX,8:39 PM,9:20 PM
361,UA-3099-PHX-PHL,11:55 AM,6:17 PM
2049,AA-85-JFK-SFO,3:36 PM,6:30 PM
654,CO-4888-IAH-DAL,,
1552,AA-643-MIA-ORD,7:30 AM,9:31 AM
1664,AA-446-DFW-PHL,12:12 PM,4:09 PM
87,UA-382-IAD-LAX,12:35 PM,3:21 PM
2220,AA-616-DFW-DTW,10:11 AM,1:18 PM
1853,UA-858-PVG-SFO,1:32 PM,8:02 AM
866,AA-3804-PHL-ORD,2:44 PM,3:36 PM
2076,AA-4307-ORD-DTW,6:56 PM,8:38 PM
747,CO-62-IAH-EWR,2:48 PM,7:10 PM
749,CO-62-IAH-EWR,2:48 PM,7:10 PM
1718,UA-233-LAX-JFK,4:28 PM,12:01 AM
1761,AA-1522-SFO-ORD,12:11 AM,5:54 AM
1277,CO-1694-LAX-IAH,,
553,UA-2906-PHL-MCO,4:28 PM,6:38 PM
2370,UA-828-SFO-ORD,,
1733,UA-233-LAX-JFK,,
10,UA-2708-EWR-CLT,2:52 PM,4:44 PM
1103,UA-414-LAX-SFO,6:10 AM,7:17 AM
1289,CO-1561-PHX-IAH,8:00 PM,11:32 AM
1079,AA-271-MIA-LAX,11:52 AM,2:27 PM
389,AA-1544-SAN-ORD,,
1695,AA-3786-IAH-ORD,4:12 PM,6:15 PM
1377,AA-2312-DFW-DTW,,
251,AA-1007-MIA-PHX,5:09 PM,7:53 PM
444,UA-5487-SFO-MRY,10:53 AM,11:11 AM
1865,UA-858-PVG-SFO,,
166,AA-3468-CVG-MIA,7:25 AM,9:29 AM
506,AA-466-IAH-MIA,6:09 AM,8:50 AM
2313,AA-1733-ORD-PHX,,
2100,AA-3979-CVG-ORD,8:04 AM,7:59 AM
108,UA-382-IAD-LAX,12:30 PM,
1084,AA-271-MIA-LAX,11:33 AM,2:27 PM
2012,AA-431-MIA-SFO,8:52 AM,11:44 AM
479,AA-1279-DFW-PHX,2:04 PM,3:30 PM
1622,UA-257-JFK-SFO,2:26 PM,5:42 PM
440,UA-5487-SFO-MRY,10:53 AM,11:16 AM
712,UA-248-PHX-ORD,,
750,CO-62-IAH-EWR,2:48 PM,7:10 PM
1768,AA-3859-IAH-ORD,7:16 AM,9:32 AM
2247,AA-1917-JFK-MCO,3:00 PM,5:43 PM
1907,UA-854-SFO-IAH,7:49 AM,1:30 PM
1081,AA-271-MIA-LAX,11:52 AM,2:27 PM
1356,AA-2312-DFW-DTW,8:29 PM,11:35 PM
191,AA-3842-MSP-ORD,6:57 AM,7:49 AM
1215,CO-16-LAX-EWR,10:20 AM,6:34 PM
1988,AA-3-JFK-LAX,12:12 PM,3:10 PM
1139,UA-3373-IAD-PHL,8:37 AM,9:13 AM
2200,AA-3756-ORD-SLC,12:41 PM,2:50 PM
1713,AA-3786-IAH-ORD,4:12 PM,6:11 PM
188,AA-3842-MSP-ORD,6:57 AM,7:49 AM
1098,UA-414-LAX-SFO,5:56 AM,7:17 AM
730,AA-2050-ORD-MIA,11:06 AM,2:46 PM
241,AA-1007-MIA-PHX,5:09 PM,7:43 PM
146,AA-222-LAX-BOS,7:31 AM,3:14 PM
563,UA-2830-MCO-CLT,3:28 PM,5:17 PM
256,AA-1007-MIA-PHX,4:56 PM,7:55 PM
1978,AA-3-JFK-LAX,12:11 PM,3:16 PM
2144,AA-204-LAX-MCO,,
1635,UA-257-JFK-SFO,,
1744,AA-1522-SFO-ORD,12:11 AM,5:52 AM
1396,CO-1088-CLE-IAH,8:40 AM,10:56 AM
1663,AA-446-DFW-PHL,,
1825,CO-1193-EWR-MCO,,
1186,AA-1664-MIA-ATL,10:19 AM,11:50 AM
1966,CO-58-DEN-IAH,,
427,UA-2945-PHL-CLT,11:51 AM,1:15 PM
244,AA-1007-MIA-PHX,5:08 PM,7:43 PM
681,UA-248-PHX-ORD,1:09 PM,4:52 PM
1441,AA-415-BOS-ORD,8:32 AM,10:16 AM
2392,UA-37-EWR-MCO,2:01 PM,4:06 PM
1055,AA-1221-MCO-ORD,8:23 PM,9:49 PM
1398,CO-1088-CLE-IAH,,
2444,CO-52-IAH-LAX,,
707,UA-248-PHX-ORD,1:43 PM,5:26 PM
57,AA-649-ORD-SNA,,
1511,AA-1434-DFW-MCO,7:22 AM,10:29 AM
1534,AA-400-DFW-JFK,11:02 AM,3:04 PM
150,AA-222-LAX-BOS,7:32 AM,3:14 PM
184,AA-3468-CVG-MIA,7:25 AM,9:45 AM
1025,CO-1250-MIA-IAH,3:17 PM,4:59 PM
1412,AA-1165-JFK-MIA,7:22 AM,10:04 AM
1589,AA-4344-ORD-DTW,12:13 PM,2:10 PM
1151,UA-3373-IAD-PHL,8:35 AM,9:13 AM
947,AA-4198-ORD-CLE,10:55 AM,12:37 PM
1338,AA-3809-PHX-LAX,6:10 AM,6:19 AM
952,AA-4198-ORD-CLE,10:54 AM,12:50 PM
2158,AA-4277-CVG-JFK,12:10 PM,1:43 PM
1083,AA-271-MIA-LAX,11:52 AM,2:18 PM
394,CO-1023-IAH-DEN,12:05 PM,1:06 PM
457,CO-1614-LAX-IAH,12:41 PM,5:26 AM
2409,AA-1886-BOS-MIA,10:54 AM,1:36 PM
1922,UA-854-SFO-IAH,8:07 AM,1:27 PM
710,UA-248-PHX-ORD,1:32 PM,5:34 PM
175,AA-3468-CVG-MIA,7:25 AM,9:45 AM
1147,UA-3373-IAD-PHL,8:37 AM,9:13 AM
